ISO-10303-21;
HEADER;
FILE_DESCRIPTION(('KiCad electronic assembly'),'2;1');
FILE_NAME('SeniorDesignRFEval.step','2025-12-05T11:46:43',('Pcbnew'),(
    'Kicad'),'Open CASCADE STEP processor 7.9','KiCad to STEP converter'
  ,'Unknown');
FILE_SCHEMA(('AUTOMOTIVE_DESIGN { 1 0 10303 214 1 1 1 1 }'));
ENDSEC;
DATA;
#1 = APPLICATION_PROTOCOL_DEFINITION('international standard',
  'automotive_design',2000,#2);
#2 = APPLICATION_CONTEXT(
  'core data for automotive mechanical design processes');
#3 = SHAPE_DEFINITION_REPRESENTATION(#4,#10);
#4 = PRODUCT_DEFINITION_SHAPE('','',#5);
#5 = PRODUCT_DEFINITION('design','',#6,#9);
#6 = PRODUCT_DEFINITION_FORMATION('','',#7);
#7 = PRODUCT('SeniorDesignRFEval 1','SeniorDesignRFEval 1','',(#8));
#8 = PRODUCT_CONTEXT('',#2,'mechanical');
#9 = PRODUCT_DEFINITION_CONTEXT('part definition',#2,'design');
#10 = SHAPE_REPRESENTATION('',(#11,#15,#19,#23,#27,#31,#35,#39,#43,#47,
    #51,#55,#59,#63,#67,#71,#75,#79,#83,#87,#91,#95,#99,#103,#107,#111,
    #115),#119);
#11 = AXIS2_PLACEMENT_3D('',#12,#13,#14);
#12 = CARTESIAN_POINT('',(0.,0.,0.));
#13 = DIRECTION('',(0.,0.,1.));
#14 = DIRECTION('',(1.,0.,-0.));
#15 = AXIS2_PLACEMENT_3D('',#16,#17,#18);
#16 = CARTESIAN_POINT('',(142.74,-108.49,1.595));
#17 = DIRECTION('',(0.,0.,1.));
#18 = DIRECTION('',(1.,0.,0.));
#19 = AXIS2_PLACEMENT_3D('',#20,#21,#22);
#20 = CARTESIAN_POINT('',(133.505,-103.07,1.595));
#21 = DIRECTION('',(0.,0.,1.));
#22 = DIRECTION('',(1.,0.,0.));
#23 = AXIS2_PLACEMENT_3D('',#24,#25,#26);
#24 = CARTESIAN_POINT('',(100.725,-84.19,1.595));
#25 = DIRECTION('',(0.,0.,1.));
#26 = DIRECTION('',(-1.,1.224646799147E-16,0.));
#27 = AXIS2_PLACEMENT_3D('',#28,#29,#30);
#28 = CARTESIAN_POINT('',(100.72,-90.48,1.595));
#29 = DIRECTION('',(0.,0.,1.));
#30 = DIRECTION('',(-1.,1.224646799147E-16,0.));
#31 = AXIS2_PLACEMENT_3D('',#32,#33,#34);
#32 = CARTESIAN_POINT('',(110.26,-97.605,1.595));
#33 = DIRECTION('',(-0.,0.,1.));
#34 = DIRECTION('',(1.110223024625E-16,-1.,0.));
#35 = AXIS2_PLACEMENT_3D('',#36,#37,#38);
#36 = CARTESIAN_POINT('',(113.94,-75.77,1.595));
#37 = DIRECTION('',(0.,-0.,1.));
#38 = DIRECTION('',(1.110223024625E-16,1.,0.));
#39 = AXIS2_PLACEMENT_3D('',#40,#41,#42);
#40 = CARTESIAN_POINT('',(100.72,-85.78,1.595));
#41 = DIRECTION('',(0.,0.,1.));
#42 = DIRECTION('',(-1.,1.224646799147E-16,0.));
#43 = AXIS2_PLACEMENT_3D('',#44,#45,#46);
#44 = CARTESIAN_POINT('',(108.465,-97.69,1.595));
#45 = DIRECTION('',(-0.,0.,1.));
#46 = DIRECTION('',(1.110223024625E-16,-1.,0.));
#47 = AXIS2_PLACEMENT_3D('',#48,#49,#50);
#48 = CARTESIAN_POINT('',(100.715,-88.9,1.595));
#49 = DIRECTION('',(0.,0.,1.));
#50 = DIRECTION('',(-1.,1.224646799147E-16,0.));
#51 = AXIS2_PLACEMENT_3D('',#52,#53,#54);
#52 = CARTESIAN_POINT('',(103.02,-91.99,1.595));
#53 = DIRECTION('',(-0.,0.,1.));
#54 = DIRECTION('',(1.110223024625E-16,-1.,0.));
#55 = AXIS2_PLACEMENT_3D('',#56,#57,#58);
#56 = CARTESIAN_POINT('',(106.13,-93.895,1.595));
#57 = DIRECTION('',(-0.,0.,1.));
#58 = DIRECTION('',(1.110223024625E-16,-1.,0.));
#59 = AXIS2_PLACEMENT_3D('',#60,#61,#62);
#60 = CARTESIAN_POINT('',(142.825,-102.97,1.595));
#61 = DIRECTION('',(0.,0.,1.));
#62 = DIRECTION('',(1.,0.,0.));
#63 = AXIS2_PLACEMENT_3D('',#64,#65,#66);
#64 = CARTESIAN_POINT('',(147.36,-102.47,1.595));
#65 = DIRECTION('',(0.,0.,1.));
#66 = DIRECTION('',(1.,0.,0.));
#67 = AXIS2_PLACEMENT_3D('',#68,#69,#70);
#68 = CARTESIAN_POINT('',(142.825,-105.48,1.595));
#69 = DIRECTION('',(0.,0.,1.));
#70 = DIRECTION('',(1.,0.,0.));
#71 = AXIS2_PLACEMENT_3D('',#72,#73,#74);
#72 = CARTESIAN_POINT('',(151.1,-115.37,1.595));
#73 = DIRECTION('',(0.,0.,1.));
#74 = DIRECTION('',(1.,0.,0.));
#75 = AXIS2_PLACEMENT_3D('',#76,#77,#78);
#76 = CARTESIAN_POINT('',(138.815,-107.99,1.595));
#77 = DIRECTION('',(0.,0.,1.));
#78 = DIRECTION('',(1.,0.,0.));
#79 = AXIS2_PLACEMENT_3D('',#80,#81,#82);
#80 = CARTESIAN_POINT('',(103.8,-75.76,1.595));
#81 = DIRECTION('',(0.,-0.,1.));
#82 = DIRECTION('',(1.110223024625E-16,1.,0.));
#83 = AXIS2_PLACEMENT_3D('',#84,#85,#86);
#84 = CARTESIAN_POINT('',(119.44,-91.43,1.595));
#85 = DIRECTION('',(0.,0.,1.));
#86 = DIRECTION('',(1.,0.,0.));
#87 = AXIS2_PLACEMENT_3D('',#88,#89,#90);
#88 = CARTESIAN_POINT('',(100.715,-87.34,1.595));
#89 = DIRECTION('',(0.,0.,1.));
#90 = DIRECTION('',(1.,0.,0.));
#91 = AXIS2_PLACEMENT_3D('',#92,#93,#94);
#92 = CARTESIAN_POINT('',(138.815,-105.48,1.595));
#93 = DIRECTION('',(0.,0.,1.));
#94 = DIRECTION('',(1.,0.,0.));
#95 = AXIS2_PLACEMENT_3D('',#96,#97,#98);
#96 = CARTESIAN_POINT('',(93.44,-75.98,1.595));
#97 = DIRECTION('',(0.,0.,1.));
#98 = DIRECTION('',(1.,0.,0.));
#99 = AXIS2_PLACEMENT_3D('',#100,#101,#102);
#100 = CARTESIAN_POINT('',(119.48,-81.24,1.595));
#101 = DIRECTION('',(0.,0.,1.));
#102 = DIRECTION('',(1.,0.,0.));
#103 = AXIS2_PLACEMENT_3D('',#104,#105,#106);
#104 = CARTESIAN_POINT('',(114.261992,-92.071992,1.595));
#105 = DIRECTION('',(-0.,0.,1.));
#106 = DIRECTION('',(0.707106781187,-0.707106781187,0.));
#107 = AXIS2_PLACEMENT_3D('',#108,#109,#110);
#108 = CARTESIAN_POINT('',(138.815,-102.97,1.595));
#109 = DIRECTION('',(0.,0.,1.));
#110 = DIRECTION('',(1.,0.,0.));
#111 = AXIS2_PLACEMENT_3D('',#112,#113,#114);
#112 = CARTESIAN_POINT('',(101.,-85.84,-8.5E-02));
#113 = DIRECTION('',(1.499759782662E-32,1.224646799147E-16,-1.));
#114 = DIRECTION('',(-1.,1.224646799147E-16,0.));
#115 = AXIS2_PLACEMENT_3D('',#116,#117,#118);
#116 = CARTESIAN_POINT('',(0.,0.,0.));
#117 = DIRECTION('',(0.,0.,1.));
#118 = DIRECTION('',(1.,0.,-0.));
#119 = ( GEOMETRIC_REPRESENTATION_CONTEXT(3) 
GLOBAL_UNCERTAINTY_ASSIGNED_CONTEXT((#123)) GLOBAL_UNIT_ASSIGNED_CONTEXT
((#120,#121,#122)) REPRESENTATION_CONTEXT('Context #1',
  '3D Context with UNIT and UNCERTAINTY') );
#120 = ( LENGTH_UNIT() NAMED_UNIT(*) SI_UNIT(.MILLI.,.METRE.) );
#121 = ( NAMED_UNIT(*) PLANE_ANGLE_UNIT() SI_UNIT($,.RADIAN.) );
#122 = ( NAMED_UNIT(*) SI_UNIT($,.STERADIAN.) SOLID_ANGLE_UNIT() );
#123 = UNCERTAINTY_MEASURE_WITH_UNIT(LENGTH_MEASURE(1.E-07),#120,
  'distance_accuracy_value','confusion accuracy');
#124 = PRODUCT_RELATED_PRODUCT_CATEGORY('part',$,(#7));
#125 = SHAPE_DEFINITION_REPRESENTATION(#126,#132);
#126 = PRODUCT_DEFINITION_SHAPE('','',#127);
#127 = PRODUCT_DEFINITION('design','',#128,#131);
#128 = PRODUCT_DEFINITION_FORMATION('','',#129);
#129 = PRODUCT('C_0603_1608Metric','C_0603_1608Metric','',(#130));
#130 = PRODUCT_CONTEXT('',#2,'mechanical');
#131 = PRODUCT_DEFINITION_CONTEXT('part definition',#2,'design');
#132 = ADVANCED_BREP_SHAPE_REPRESENTATION('',(#11,#133),#987);
#133 = MANIFOLD_SOLID_BREP('',#134);
#134 = CLOSED_SHELL('',(#135,#211,#242,#267,#292,#316,#340,#365,#390,
    #407,#493,#525,#549,#574,#598,#623,#647,#672,#689,#775,#806,#831,
    #856,#880,#904,#929,#954,#971));
#135 = ADVANCED_FACE('',(#136),#206,.F.);
#136 = FACE_BOUND('',#137,.F.);
#137 = EDGE_LOOP('',(#138,#148,#157,#165,#174,#182,#191,#199));
#138 = ORIENTED_EDGE('',*,*,#139,.F.);
#139 = EDGE_CURVE('',#140,#142,#144,.T.);
#140 = VERTEX_POINT('',#141);
#141 = CARTESIAN_POINT('',(-0.8,-0.4,3.E-02));
#142 = VERTEX_POINT('',#143);
#143 = CARTESIAN_POINT('',(-0.8,-0.4,0.77));
#144 = LINE('',#145,#146);
#145 = CARTESIAN_POINT('',(-0.8,-0.4,0.));
#146 = VECTOR('',#147,1.);
#147 = DIRECTION('',(0.,0.,1.));
#148 = ORIENTED_EDGE('',*,*,#149,.T.);
#149 = EDGE_CURVE('',#140,#150,#152,.T.);
#150 = VERTEX_POINT('',#151);
#151 = CARTESIAN_POINT('',(-0.8,-0.37,0.));
#152 = CIRCLE('',#153,3.E-02);
#153 = AXIS2_PLACEMENT_3D('',#154,#155,#156);
#154 = CARTESIAN_POINT('',(-0.8,-0.37,3.E-02));
#155 = DIRECTION('',(1.,0.,-0.));
#156 = DIRECTION('',(0.,0.,1.));
#157 = ORIENTED_EDGE('',*,*,#158,.T.);
#158 = EDGE_CURVE('',#150,#159,#161,.T.);
#159 = VERTEX_POINT('',#160);
#160 = CARTESIAN_POINT('',(-0.8,0.37,0.));
#161 = LINE('',#162,#163);
#162 = CARTESIAN_POINT('',(-0.8,-0.4,0.));
#163 = VECTOR('',#164,1.);
#164 = DIRECTION('',(0.,1.,0.));
#165 = ORIENTED_EDGE('',*,*,#166,.F.);
#166 = EDGE_CURVE('',#167,#159,#169,.T.);
#167 = VERTEX_POINT('',#168);
#168 = CARTESIAN_POINT('',(-0.8,0.4,3.E-02));
#169 = CIRCLE('',#170,3.E-02);
#170 = AXIS2_PLACEMENT_3D('',#171,#172,#173);
#171 = CARTESIAN_POINT('',(-0.8,0.37,3.E-02));
#172 = DIRECTION('',(-1.,0.,0.));
#173 = DIRECTION('',(0.,0.,1.));
#174 = ORIENTED_EDGE('',*,*,#175,.T.);
#175 = EDGE_CURVE('',#167,#176,#178,.T.);
#176 = VERTEX_POINT('',#177);
#177 = CARTESIAN_POINT('',(-0.8,0.4,0.77));
#178 = LINE('',#179,#180);
#179 = CARTESIAN_POINT('',(-0.8,0.4,0.));
#180 = VECTOR('',#181,1.);
#181 = DIRECTION('',(0.,0.,1.));
#182 = ORIENTED_EDGE('',*,*,#183,.T.);
#183 = EDGE_CURVE('',#176,#184,#186,.T.);
#184 = VERTEX_POINT('',#185);
#185 = CARTESIAN_POINT('',(-0.8,0.37,0.8));
#186 = CIRCLE('',#187,3.E-02);
#187 = AXIS2_PLACEMENT_3D('',#188,#189,#190);
#188 = CARTESIAN_POINT('',(-0.8,0.37,0.77));
#189 = DIRECTION('',(1.,0.,-0.));
#190 = DIRECTION('',(0.,0.,1.));
#191 = ORIENTED_EDGE('',*,*,#192,.F.);
#192 = EDGE_CURVE('',#193,#184,#195,.T.);
#193 = VERTEX_POINT('',#194);
#194 = CARTESIAN_POINT('',(-0.8,-0.37,0.8));
#195 = LINE('',#196,#197);
#196 = CARTESIAN_POINT('',(-0.8,-0.4,0.8));
#197 = VECTOR('',#198,1.);
#198 = DIRECTION('',(0.,1.,0.));
#199 = ORIENTED_EDGE('',*,*,#200,.F.);
#200 = EDGE_CURVE('',#142,#193,#201,.T.);
#201 = CIRCLE('',#202,3.E-02);
#202 = AXIS2_PLACEMENT_3D('',#203,#204,#205);
#203 = CARTESIAN_POINT('',(-0.8,-0.37,0.77));
#204 = DIRECTION('',(-1.,0.,0.));
#205 = DIRECTION('',(0.,0.,1.));
#206 = PLANE('',#207);
#207 = AXIS2_PLACEMENT_3D('',#208,#209,#210);
#208 = CARTESIAN_POINT('',(-0.8,-0.4,0.));
#209 = DIRECTION('',(1.,0.,0.));
#210 = DIRECTION('',(0.,0.,1.));
#211 = ADVANCED_FACE('',(#212),#237,.F.);
#212 = FACE_BOUND('',#213,.F.);
#213 = EDGE_LOOP('',(#214,#224,#230,#231));
#214 = ORIENTED_EDGE('',*,*,#215,.F.);
#215 = EDGE_CURVE('',#216,#218,#220,.T.);
#216 = VERTEX_POINT('',#217);
#217 = CARTESIAN_POINT('',(-0.5,-0.4,3.E-02));
#218 = VERTEX_POINT('',#219);
#219 = CARTESIAN_POINT('',(-0.5,-0.4,0.77));
#220 = LINE('',#221,#222);
#221 = CARTESIAN_POINT('',(-0.5,-0.4,0.));
#222 = VECTOR('',#223,1.);
#223 = DIRECTION('',(0.,0.,1.));
#224 = ORIENTED_EDGE('',*,*,#225,.F.);
#225 = EDGE_CURVE('',#140,#216,#226,.T.);
#226 = LINE('',#227,#228);
#227 = CARTESIAN_POINT('',(-0.8,-0.4,3.E-02));
#228 = VECTOR('',#229,1.);
#229 = DIRECTION('',(1.,0.,0.));
#230 = ORIENTED_EDGE('',*,*,#139,.T.);
#231 = ORIENTED_EDGE('',*,*,#232,.T.);
#232 = EDGE_CURVE('',#142,#218,#233,.T.);
#233 = LINE('',#234,#235);
#234 = CARTESIAN_POINT('',(-0.8,-0.4,0.77));
#235 = VECTOR('',#236,1.);
#236 = DIRECTION('',(1.,0.,0.));
#237 = PLANE('',#238);
#238 = AXIS2_PLACEMENT_3D('',#239,#240,#241);
#239 = CARTESIAN_POINT('',(-0.8,-0.4,0.));
#240 = DIRECTION('',(0.,1.,0.));
#241 = DIRECTION('',(0.,-0.,1.));
#242 = ADVANCED_FACE('',(#243),#262,.T.);
#243 = FACE_BOUND('',#244,.T.);
#244 = EDGE_LOOP('',(#245,#246,#254,#261));
#245 = ORIENTED_EDGE('',*,*,#149,.T.);
#246 = ORIENTED_EDGE('',*,*,#247,.T.);
#247 = EDGE_CURVE('',#150,#248,#250,.T.);
#248 = VERTEX_POINT('',#249);
#249 = CARTESIAN_POINT('',(-0.5,-0.37,0.));
#250 = LINE('',#251,#252);
#251 = CARTESIAN_POINT('',(-0.8,-0.37,0.));
#252 = VECTOR('',#253,1.);
#253 = DIRECTION('',(1.,0.,0.));
#254 = ORIENTED_EDGE('',*,*,#255,.F.);
#255 = EDGE_CURVE('',#216,#248,#256,.T.);
#256 = CIRCLE('',#257,3.E-02);
#257 = AXIS2_PLACEMENT_3D('',#258,#259,#260);
#258 = CARTESIAN_POINT('',(-0.5,-0.37,3.E-02));
#259 = DIRECTION('',(1.,0.,-0.));
#260 = DIRECTION('',(0.,0.,1.));
#261 = ORIENTED_EDGE('',*,*,#225,.F.);
#262 = CYLINDRICAL_SURFACE('',#263,3.E-02);
#263 = AXIS2_PLACEMENT_3D('',#264,#265,#266);
#264 = CARTESIAN_POINT('',(-0.8,-0.37,3.E-02));
#265 = DIRECTION('',(1.,0.,0.));
#266 = DIRECTION('',(0.,-1.,0.));
#267 = ADVANCED_FACE('',(#268),#287,.T.);
#268 = FACE_BOUND('',#269,.T.);
#269 = EDGE_LOOP('',(#270,#271,#280,#286));
#270 = ORIENTED_EDGE('',*,*,#232,.T.);
#271 = ORIENTED_EDGE('',*,*,#272,.T.);
#272 = EDGE_CURVE('',#218,#273,#275,.T.);
#273 = VERTEX_POINT('',#274);
#274 = CARTESIAN_POINT('',(-0.5,-0.37,0.8));
#275 = CIRCLE('',#276,3.E-02);
#276 = AXIS2_PLACEMENT_3D('',#277,#278,#279);
#277 = CARTESIAN_POINT('',(-0.5,-0.37,0.77));
#278 = DIRECTION('',(-1.,0.,0.));
#279 = DIRECTION('',(0.,0.,1.));
#280 = ORIENTED_EDGE('',*,*,#281,.F.);
#281 = EDGE_CURVE('',#193,#273,#282,.T.);
#282 = LINE('',#283,#284);
#283 = CARTESIAN_POINT('',(-0.8,-0.37,0.8));
#284 = VECTOR('',#285,1.);
#285 = DIRECTION('',(1.,0.,0.));
#286 = ORIENTED_EDGE('',*,*,#200,.F.);
#287 = CYLINDRICAL_SURFACE('',#288,3.E-02);
#288 = AXIS2_PLACEMENT_3D('',#289,#290,#291);
#289 = CARTESIAN_POINT('',(-0.8,-0.37,0.77));
#290 = DIRECTION('',(1.,0.,0.));
#291 = DIRECTION('',(0.,-1.,0.));
#292 = ADVANCED_FACE('',(#293),#311,.F.);
#293 = FACE_BOUND('',#294,.F.);
#294 = EDGE_LOOP('',(#295,#296,#297,#305));
#295 = ORIENTED_EDGE('',*,*,#158,.F.);
#296 = ORIENTED_EDGE('',*,*,#247,.T.);
#297 = ORIENTED_EDGE('',*,*,#298,.T.);
#298 = EDGE_CURVE('',#248,#299,#301,.T.);
#299 = VERTEX_POINT('',#300);
#300 = CARTESIAN_POINT('',(-0.5,0.37,0.));
#301 = LINE('',#302,#303);
#302 = CARTESIAN_POINT('',(-0.5,-0.4,0.));
#303 = VECTOR('',#304,1.);
#304 = DIRECTION('',(0.,1.,0.));
#305 = ORIENTED_EDGE('',*,*,#306,.F.);
#306 = EDGE_CURVE('',#159,#299,#307,.T.);
#307 = LINE('',#308,#309);
#308 = CARTESIAN_POINT('',(-0.8,0.37,0.));
#309 = VECTOR('',#310,1.);
#310 = DIRECTION('',(1.,0.,0.));
#311 = PLANE('',#312);
#312 = AXIS2_PLACEMENT_3D('',#313,#314,#315);
#313 = CARTESIAN_POINT('',(-0.8,-0.4,0.));
#314 = DIRECTION('',(0.,0.,1.));
#315 = DIRECTION('',(1.,0.,-0.));
#316 = ADVANCED_FACE('',(#317),#335,.T.);
#317 = FACE_BOUND('',#318,.T.);
#318 = EDGE_LOOP('',(#319,#320,#321,#329));
#319 = ORIENTED_EDGE('',*,*,#192,.F.);
#320 = ORIENTED_EDGE('',*,*,#281,.T.);
#321 = ORIENTED_EDGE('',*,*,#322,.T.);
#322 = EDGE_CURVE('',#273,#323,#325,.T.);
#323 = VERTEX_POINT('',#324);
#324 = CARTESIAN_POINT('',(-0.5,0.37,0.8));
#325 = LINE('',#326,#327);
#326 = CARTESIAN_POINT('',(-0.5,-0.4,0.8));
#327 = VECTOR('',#328,1.);
#328 = DIRECTION('',(0.,1.,0.));
#329 = ORIENTED_EDGE('',*,*,#330,.F.);
#330 = EDGE_CURVE('',#184,#323,#331,.T.);
#331 = LINE('',#332,#333);
#332 = CARTESIAN_POINT('',(-0.8,0.37,0.8));
#333 = VECTOR('',#334,1.);
#334 = DIRECTION('',(1.,0.,0.));
#335 = PLANE('',#336);
#336 = AXIS2_PLACEMENT_3D('',#337,#338,#339);
#337 = CARTESIAN_POINT('',(-0.8,-0.4,0.8));
#338 = DIRECTION('',(0.,0.,1.));
#339 = DIRECTION('',(1.,0.,-0.));
#340 = ADVANCED_FACE('',(#341),#360,.T.);
#341 = FACE_BOUND('',#342,.T.);
#342 = EDGE_LOOP('',(#343,#351,#358,#359));
#343 = ORIENTED_EDGE('',*,*,#344,.T.);
#344 = EDGE_CURVE('',#167,#345,#347,.T.);
#345 = VERTEX_POINT('',#346);
#346 = CARTESIAN_POINT('',(-0.5,0.4,3.E-02));
#347 = LINE('',#348,#349);
#348 = CARTESIAN_POINT('',(-0.8,0.4,3.E-02));
#349 = VECTOR('',#350,1.);
#350 = DIRECTION('',(1.,0.,0.));
#351 = ORIENTED_EDGE('',*,*,#352,.T.);
#352 = EDGE_CURVE('',#345,#299,#353,.T.);
#353 = CIRCLE('',#354,3.E-02);
#354 = AXIS2_PLACEMENT_3D('',#355,#356,#357);
#355 = CARTESIAN_POINT('',(-0.5,0.37,3.E-02));
#356 = DIRECTION('',(-1.,0.,0.));
#357 = DIRECTION('',(0.,0.,1.));
#358 = ORIENTED_EDGE('',*,*,#306,.F.);
#359 = ORIENTED_EDGE('',*,*,#166,.F.);
#360 = CYLINDRICAL_SURFACE('',#361,3.E-02);
#361 = AXIS2_PLACEMENT_3D('',#362,#363,#364);
#362 = CARTESIAN_POINT('',(-0.8,0.37,3.E-02));
#363 = DIRECTION('',(1.,0.,0.));
#364 = DIRECTION('',(-0.,1.,0.));
#365 = ADVANCED_FACE('',(#366),#385,.T.);
#366 = FACE_BOUND('',#367,.T.);
#367 = EDGE_LOOP('',(#368,#369,#370,#379));
#368 = ORIENTED_EDGE('',*,*,#183,.T.);
#369 = ORIENTED_EDGE('',*,*,#330,.T.);
#370 = ORIENTED_EDGE('',*,*,#371,.F.);
#371 = EDGE_CURVE('',#372,#323,#374,.T.);
#372 = VERTEX_POINT('',#373);
#373 = CARTESIAN_POINT('',(-0.5,0.4,0.77));
#374 = CIRCLE('',#375,3.E-02);
#375 = AXIS2_PLACEMENT_3D('',#376,#377,#378);
#376 = CARTESIAN_POINT('',(-0.5,0.37,0.77));
#377 = DIRECTION('',(1.,0.,-0.));
#378 = DIRECTION('',(0.,0.,1.));
#379 = ORIENTED_EDGE('',*,*,#380,.F.);
#380 = EDGE_CURVE('',#176,#372,#381,.T.);
#381 = LINE('',#382,#383);
#382 = CARTESIAN_POINT('',(-0.8,0.4,0.77));
#383 = VECTOR('',#384,1.);
#384 = DIRECTION('',(1.,0.,0.));
#385 = CYLINDRICAL_SURFACE('',#386,3.E-02);
#386 = AXIS2_PLACEMENT_3D('',#387,#388,#389);
#387 = CARTESIAN_POINT('',(-0.8,0.37,0.77));
#388 = DIRECTION('',(1.,0.,0.));
#389 = DIRECTION('',(-0.,1.,0.));
#390 = ADVANCED_FACE('',(#391),#402,.T.);
#391 = FACE_BOUND('',#392,.T.);
#392 = EDGE_LOOP('',(#393,#399,#400,#401));
#393 = ORIENTED_EDGE('',*,*,#394,.F.);
#394 = EDGE_CURVE('',#345,#372,#395,.T.);
#395 = LINE('',#396,#397);
#396 = CARTESIAN_POINT('',(-0.5,0.4,0.));
#397 = VECTOR('',#398,1.);
#398 = DIRECTION('',(0.,0.,1.));
#399 = ORIENTED_EDGE('',*,*,#344,.F.);
#400 = ORIENTED_EDGE('',*,*,#175,.T.);
#401 = ORIENTED_EDGE('',*,*,#380,.T.);
#402 = PLANE('',#403);
#403 = AXIS2_PLACEMENT_3D('',#404,#405,#406);
#404 = CARTESIAN_POINT('',(-0.8,0.4,0.));
#405 = DIRECTION('',(0.,1.,0.));
#406 = DIRECTION('',(0.,-0.,1.));
#407 = ADVANCED_FACE('',(#408,#418),#488,.T.);
#408 = FACE_BOUND('',#409,.T.);
#409 = EDGE_LOOP('',(#410,#411,#412,#413,#414,#415,#416,#417));
#410 = ORIENTED_EDGE('',*,*,#215,.F.);
#411 = ORIENTED_EDGE('',*,*,#255,.T.);
#412 = ORIENTED_EDGE('',*,*,#298,.T.);
#413 = ORIENTED_EDGE('',*,*,#352,.F.);
#414 = ORIENTED_EDGE('',*,*,#394,.T.);
#415 = ORIENTED_EDGE('',*,*,#371,.T.);
#416 = ORIENTED_EDGE('',*,*,#322,.F.);
#417 = ORIENTED_EDGE('',*,*,#272,.F.);
#418 = FACE_BOUND('',#419,.T.);
#419 = EDGE_LOOP('',(#420,#431,#439,#448,#456,#465,#473,#482));
#420 = ORIENTED_EDGE('',*,*,#421,.F.);
#421 = EDGE_CURVE('',#422,#424,#426,.T.);
#422 = VERTEX_POINT('',#423);
#423 = CARTESIAN_POINT('',(-0.5,-0.37,6.E-02));
#424 = VERTEX_POINT('',#425);
#425 = CARTESIAN_POINT('',(-0.5,-0.34,3.E-02));
#426 = CIRCLE('',#427,3.E-02);
#427 = AXIS2_PLACEMENT_3D('',#428,#429,#430);
#428 = CARTESIAN_POINT('',(-0.5,-0.34,6.E-02));
#429 = DIRECTION('',(1.,0.,-0.));
#430 = DIRECTION('',(0.,0.,1.));
#431 = ORIENTED_EDGE('',*,*,#432,.T.);
#432 = EDGE_CURVE('',#422,#433,#435,.T.);
#433 = VERTEX_POINT('',#434);
#434 = CARTESIAN_POINT('',(-0.5,-0.37,0.74));
#435 = LINE('',#436,#437);
#436 = CARTESIAN_POINT('',(-0.5,-0.37,3.E-02));
#437 = VECTOR('',#438,1.);
#438 = DIRECTION('',(0.,0.,1.));
#439 = ORIENTED_EDGE('',*,*,#440,.T.);
#440 = EDGE_CURVE('',#433,#441,#443,.T.);
#441 = VERTEX_POINT('',#442);
#442 = CARTESIAN_POINT('',(-0.5,-0.34,0.77));
#443 = CIRCLE('',#444,3.E-02);
#444 = AXIS2_PLACEMENT_3D('',#445,#446,#447);
#445 = CARTESIAN_POINT('',(-0.5,-0.34,0.74));
#446 = DIRECTION('',(-1.,0.,0.));
#447 = DIRECTION('',(0.,0.,1.));
#448 = ORIENTED_EDGE('',*,*,#449,.T.);
#449 = EDGE_CURVE('',#441,#450,#452,.T.);
#450 = VERTEX_POINT('',#451);
#451 = CARTESIAN_POINT('',(-0.5,0.34,0.77));
#452 = LINE('',#453,#454);
#453 = CARTESIAN_POINT('',(-0.5,-0.37,0.77));
#454 = VECTOR('',#455,1.);
#455 = DIRECTION('',(0.,1.,0.));
#456 = ORIENTED_EDGE('',*,*,#457,.F.);
#457 = EDGE_CURVE('',#458,#450,#460,.T.);
#458 = VERTEX_POINT('',#459);
#459 = CARTESIAN_POINT('',(-0.5,0.37,0.74));
#460 = CIRCLE('',#461,3.E-02);
#461 = AXIS2_PLACEMENT_3D('',#462,#463,#464);
#462 = CARTESIAN_POINT('',(-0.5,0.34,0.74));
#463 = DIRECTION('',(1.,0.,-0.));
#464 = DIRECTION('',(0.,0.,1.));
#465 = ORIENTED_EDGE('',*,*,#466,.F.);
#466 = EDGE_CURVE('',#467,#458,#469,.T.);
#467 = VERTEX_POINT('',#468);
#468 = CARTESIAN_POINT('',(-0.5,0.37,6.E-02));
#469 = LINE('',#470,#471);
#470 = CARTESIAN_POINT('',(-0.5,0.37,3.E-02));
#471 = VECTOR('',#472,1.);
#472 = DIRECTION('',(0.,0.,1.));
#473 = ORIENTED_EDGE('',*,*,#474,.T.);
#474 = EDGE_CURVE('',#467,#475,#477,.T.);
#475 = VERTEX_POINT('',#476);
#476 = CARTESIAN_POINT('',(-0.5,0.34,3.E-02));
#477 = CIRCLE('',#478,3.E-02);
#478 = AXIS2_PLACEMENT_3D('',#479,#480,#481);
#479 = CARTESIAN_POINT('',(-0.5,0.34,6.E-02));
#480 = DIRECTION('',(-1.,0.,0.));
#481 = DIRECTION('',(0.,0.,1.));
#482 = ORIENTED_EDGE('',*,*,#483,.F.);
#483 = EDGE_CURVE('',#424,#475,#484,.T.);
#484 = LINE('',#485,#486);
#485 = CARTESIAN_POINT('',(-0.5,-0.37,3.E-02));
#486 = VECTOR('',#487,1.);
#487 = DIRECTION('',(0.,1.,0.));
#488 = PLANE('',#489);
#489 = AXIS2_PLACEMENT_3D('',#490,#491,#492);
#490 = CARTESIAN_POINT('',(-0.5,-0.4,0.));
#491 = DIRECTION('',(1.,0.,0.));
#492 = DIRECTION('',(0.,0.,1.));
#493 = ADVANCED_FACE('',(#494),#520,.T.);
#494 = FACE_BOUND('',#495,.T.);
#495 = EDGE_LOOP('',(#496,#497,#505,#514));
#496 = ORIENTED_EDGE('',*,*,#421,.T.);
#497 = ORIENTED_EDGE('',*,*,#498,.T.);
#498 = EDGE_CURVE('',#424,#499,#501,.T.);
#499 = VERTEX_POINT('',#500);
#500 = CARTESIAN_POINT('',(0.5,-0.34,3.E-02));
#501 = LINE('',#502,#503);
#502 = CARTESIAN_POINT('',(-0.5,-0.34,3.E-02));
#503 = VECTOR('',#504,1.);
#504 = DIRECTION('',(1.,0.,0.));
#505 = ORIENTED_EDGE('',*,*,#506,.F.);
#506 = EDGE_CURVE('',#507,#499,#509,.T.);
#507 = VERTEX_POINT('',#508);
#508 = CARTESIAN_POINT('',(0.5,-0.37,6.E-02));
#509 = CIRCLE('',#510,3.E-02);
#510 = AXIS2_PLACEMENT_3D('',#511,#512,#513);
#511 = CARTESIAN_POINT('',(0.5,-0.34,6.E-02));
#512 = DIRECTION('',(1.,0.,-0.));
#513 = DIRECTION('',(0.,0.,1.));
#514 = ORIENTED_EDGE('',*,*,#515,.F.);
#515 = EDGE_CURVE('',#422,#507,#516,.T.);
#516 = LINE('',#517,#518);
#517 = CARTESIAN_POINT('',(-0.5,-0.37,6.E-02));
#518 = VECTOR('',#519,1.);
#519 = DIRECTION('',(1.,0.,0.));
#520 = CYLINDRICAL_SURFACE('',#521,3.E-02);
#521 = AXIS2_PLACEMENT_3D('',#522,#523,#524);
#522 = CARTESIAN_POINT('',(-0.5,-0.34,6.E-02));
#523 = DIRECTION('',(1.,0.,0.));
#524 = DIRECTION('',(0.,-1.,0.));
#525 = ADVANCED_FACE('',(#526),#544,.F.);
#526 = FACE_BOUND('',#527,.F.);
#527 = EDGE_LOOP('',(#528,#529,#530,#538));
#528 = ORIENTED_EDGE('',*,*,#483,.F.);
#529 = ORIENTED_EDGE('',*,*,#498,.T.);
#530 = ORIENTED_EDGE('',*,*,#531,.T.);
#531 = EDGE_CURVE('',#499,#532,#534,.T.);
#532 = VERTEX_POINT('',#533);
#533 = CARTESIAN_POINT('',(0.5,0.34,3.E-02));
#534 = LINE('',#535,#536);
#535 = CARTESIAN_POINT('',(0.5,-0.37,3.E-02));
#536 = VECTOR('',#537,1.);
#537 = DIRECTION('',(0.,1.,0.));
#538 = ORIENTED_EDGE('',*,*,#539,.F.);
#539 = EDGE_CURVE('',#475,#532,#540,.T.);
#540 = LINE('',#541,#542);
#541 = CARTESIAN_POINT('',(-0.5,0.34,3.E-02));
#542 = VECTOR('',#543,1.);
#543 = DIRECTION('',(1.,0.,0.));
#544 = PLANE('',#545);
#545 = AXIS2_PLACEMENT_3D('',#546,#547,#548);
#546 = CARTESIAN_POINT('',(-0.5,-0.37,3.E-02));
#547 = DIRECTION('',(0.,0.,1.));
#548 = DIRECTION('',(1.,0.,-0.));
#549 = ADVANCED_FACE('',(#550),#569,.T.);
#550 = FACE_BOUND('',#551,.T.);
#551 = EDGE_LOOP('',(#552,#560,#567,#568));
#552 = ORIENTED_EDGE('',*,*,#553,.T.);
#553 = EDGE_CURVE('',#467,#554,#556,.T.);
#554 = VERTEX_POINT('',#555);
#555 = CARTESIAN_POINT('',(0.5,0.37,6.E-02));
#556 = LINE('',#557,#558);
#557 = CARTESIAN_POINT('',(-0.5,0.37,6.E-02));
#558 = VECTOR('',#559,1.);
#559 = DIRECTION('',(1.,0.,0.));
#560 = ORIENTED_EDGE('',*,*,#561,.T.);
#561 = EDGE_CURVE('',#554,#532,#562,.T.);
#562 = CIRCLE('',#563,3.E-02);
#563 = AXIS2_PLACEMENT_3D('',#564,#565,#566);
#564 = CARTESIAN_POINT('',(0.5,0.34,6.E-02));
#565 = DIRECTION('',(-1.,0.,0.));
#566 = DIRECTION('',(0.,0.,1.));
#567 = ORIENTED_EDGE('',*,*,#539,.F.);
#568 = ORIENTED_EDGE('',*,*,#474,.F.);
#569 = CYLINDRICAL_SURFACE('',#570,3.E-02);
#570 = AXIS2_PLACEMENT_3D('',#571,#572,#573);
#571 = CARTESIAN_POINT('',(-0.5,0.34,6.E-02));
#572 = DIRECTION('',(1.,0.,0.));
#573 = DIRECTION('',(-0.,1.,0.));
#574 = ADVANCED_FACE('',(#575),#593,.T.);
#575 = FACE_BOUND('',#576,.T.);
#576 = EDGE_LOOP('',(#577,#585,#586,#587));
#577 = ORIENTED_EDGE('',*,*,#578,.F.);
#578 = EDGE_CURVE('',#554,#579,#581,.T.);
#579 = VERTEX_POINT('',#580);
#580 = CARTESIAN_POINT('',(0.5,0.37,0.74));
#581 = LINE('',#582,#583);
#582 = CARTESIAN_POINT('',(0.5,0.37,3.E-02));
#583 = VECTOR('',#584,1.);
#584 = DIRECTION('',(0.,0.,1.));
#585 = ORIENTED_EDGE('',*,*,#553,.F.);
#586 = ORIENTED_EDGE('',*,*,#466,.T.);
#587 = ORIENTED_EDGE('',*,*,#588,.T.);
#588 = EDGE_CURVE('',#458,#579,#589,.T.);
#589 = LINE('',#590,#591);
#590 = CARTESIAN_POINT('',(-0.5,0.37,0.74));
#591 = VECTOR('',#592,1.);
#592 = DIRECTION('',(1.,0.,0.));
#593 = PLANE('',#594);
#594 = AXIS2_PLACEMENT_3D('',#595,#596,#597);
#595 = CARTESIAN_POINT('',(-0.5,0.37,3.E-02));
#596 = DIRECTION('',(0.,1.,0.));
#597 = DIRECTION('',(0.,-0.,1.));
#598 = ADVANCED_FACE('',(#599),#618,.T.);
#599 = FACE_BOUND('',#600,.T.);
#600 = EDGE_LOOP('',(#601,#602,#610,#617));
#601 = ORIENTED_EDGE('',*,*,#457,.T.);
#602 = ORIENTED_EDGE('',*,*,#603,.T.);
#603 = EDGE_CURVE('',#450,#604,#606,.T.);
#604 = VERTEX_POINT('',#605);
#605 = CARTESIAN_POINT('',(0.5,0.34,0.77));
#606 = LINE('',#607,#608);
#607 = CARTESIAN_POINT('',(-0.5,0.34,0.77));
#608 = VECTOR('',#609,1.);
#609 = DIRECTION('',(1.,0.,0.));
#610 = ORIENTED_EDGE('',*,*,#611,.F.);
#611 = EDGE_CURVE('',#579,#604,#612,.T.);
#612 = CIRCLE('',#613,3.E-02);
#613 = AXIS2_PLACEMENT_3D('',#614,#615,#616);
#614 = CARTESIAN_POINT('',(0.5,0.34,0.74));
#615 = DIRECTION('',(1.,0.,-0.));
#616 = DIRECTION('',(0.,0.,1.));
#617 = ORIENTED_EDGE('',*,*,#588,.F.);
#618 = CYLINDRICAL_SURFACE('',#619,3.E-02);
#619 = AXIS2_PLACEMENT_3D('',#620,#621,#622);
#620 = CARTESIAN_POINT('',(-0.5,0.34,0.74));
#621 = DIRECTION('',(1.,0.,0.));
#622 = DIRECTION('',(-0.,1.,0.));
#623 = ADVANCED_FACE('',(#624),#642,.T.);
#624 = FACE_BOUND('',#625,.T.);
#625 = EDGE_LOOP('',(#626,#627,#635,#641));
#626 = ORIENTED_EDGE('',*,*,#449,.F.);
#627 = ORIENTED_EDGE('',*,*,#628,.T.);
#628 = EDGE_CURVE('',#441,#629,#631,.T.);
#629 = VERTEX_POINT('',#630);
#630 = CARTESIAN_POINT('',(0.5,-0.34,0.77));
#631 = LINE('',#632,#633);
#632 = CARTESIAN_POINT('',(-0.5,-0.34,0.77));
#633 = VECTOR('',#634,1.);
#634 = DIRECTION('',(1.,0.,0.));
#635 = ORIENTED_EDGE('',*,*,#636,.T.);
#636 = EDGE_CURVE('',#629,#604,#637,.T.);
#637 = LINE('',#638,#639);
#638 = CARTESIAN_POINT('',(0.5,-0.37,0.77));
#639 = VECTOR('',#640,1.);
#640 = DIRECTION('',(0.,1.,0.));
#641 = ORIENTED_EDGE('',*,*,#603,.F.);
#642 = PLANE('',#643);
#643 = AXIS2_PLACEMENT_3D('',#644,#645,#646);
#644 = CARTESIAN_POINT('',(-0.5,-0.37,0.77));
#645 = DIRECTION('',(0.,0.,1.));
#646 = DIRECTION('',(1.,0.,-0.));
#647 = ADVANCED_FACE('',(#648),#667,.T.);
#648 = FACE_BOUND('',#649,.T.);
#649 = EDGE_LOOP('',(#650,#658,#665,#666));
#650 = ORIENTED_EDGE('',*,*,#651,.T.);
#651 = EDGE_CURVE('',#433,#652,#654,.T.);
#652 = VERTEX_POINT('',#653);
#653 = CARTESIAN_POINT('',(0.5,-0.37,0.74));
#654 = LINE('',#655,#656);
#655 = CARTESIAN_POINT('',(-0.5,-0.37,0.74));
#656 = VECTOR('',#657,1.);
#657 = DIRECTION('',(1.,0.,0.));
#658 = ORIENTED_EDGE('',*,*,#659,.T.);
#659 = EDGE_CURVE('',#652,#629,#660,.T.);
#660 = CIRCLE('',#661,3.E-02);
#661 = AXIS2_PLACEMENT_3D('',#662,#663,#664);
#662 = CARTESIAN_POINT('',(0.5,-0.34,0.74));
#663 = DIRECTION('',(-1.,0.,0.));
#664 = DIRECTION('',(0.,0.,1.));
#665 = ORIENTED_EDGE('',*,*,#628,.F.);
#666 = ORIENTED_EDGE('',*,*,#440,.F.);
#667 = CYLINDRICAL_SURFACE('',#668,3.E-02);
#668 = AXIS2_PLACEMENT_3D('',#669,#670,#671);
#669 = CARTESIAN_POINT('',(-0.5,-0.34,0.74));
#670 = DIRECTION('',(1.,0.,0.));
#671 = DIRECTION('',(0.,-1.,0.));
#672 = ADVANCED_FACE('',(#673),#684,.F.);
#673 = FACE_BOUND('',#674,.F.);
#674 = EDGE_LOOP('',(#675,#681,#682,#683));
#675 = ORIENTED_EDGE('',*,*,#676,.F.);
#676 = EDGE_CURVE('',#507,#652,#677,.T.);
#677 = LINE('',#678,#679);
#678 = CARTESIAN_POINT('',(0.5,-0.37,3.E-02));
#679 = VECTOR('',#680,1.);
#680 = DIRECTION('',(0.,0.,1.));
#681 = ORIENTED_EDGE('',*,*,#515,.F.);
#682 = ORIENTED_EDGE('',*,*,#432,.T.);
#683 = ORIENTED_EDGE('',*,*,#651,.T.);
#684 = PLANE('',#685);
#685 = AXIS2_PLACEMENT_3D('',#686,#687,#688);
#686 = CARTESIAN_POINT('',(-0.5,-0.37,3.E-02));
#687 = DIRECTION('',(0.,1.,0.));
#688 = DIRECTION('',(0.,-0.,1.));
#689 = ADVANCED_FACE('',(#690,#760),#770,.F.);
#690 = FACE_BOUND('',#691,.F.);
#691 = EDGE_LOOP('',(#692,#702,#711,#719,#728,#736,#745,#753));
#692 = ORIENTED_EDGE('',*,*,#693,.F.);
#693 = EDGE_CURVE('',#694,#696,#698,.T.);
#694 = VERTEX_POINT('',#695);
#695 = CARTESIAN_POINT('',(0.5,-0.4,3.E-02));
#696 = VERTEX_POINT('',#697);
#697 = CARTESIAN_POINT('',(0.5,-0.4,0.77));
#698 = LINE('',#699,#700);
#699 = CARTESIAN_POINT('',(0.5,-0.4,0.));
#700 = VECTOR('',#701,1.);
#701 = DIRECTION('',(0.,0.,1.));
#702 = ORIENTED_EDGE('',*,*,#703,.T.);
#703 = EDGE_CURVE('',#694,#704,#706,.T.);
#704 = VERTEX_POINT('',#705);
#705 = CARTESIAN_POINT('',(0.5,-0.37,0.));
#706 = CIRCLE('',#707,3.E-02);
#707 = AXIS2_PLACEMENT_3D('',#708,#709,#710);
#708 = CARTESIAN_POINT('',(0.5,-0.37,3.E-02));
#709 = DIRECTION('',(1.,0.,-0.));
#710 = DIRECTION('',(0.,0.,1.));
#711 = ORIENTED_EDGE('',*,*,#712,.T.);
#712 = EDGE_CURVE('',#704,#713,#715,.T.);
#713 = VERTEX_POINT('',#714);
#714 = CARTESIAN_POINT('',(0.5,0.37,0.));
#715 = LINE('',#716,#717);
#716 = CARTESIAN_POINT('',(0.5,-0.4,0.));
#717 = VECTOR('',#718,1.);
#718 = DIRECTION('',(0.,1.,0.));
#719 = ORIENTED_EDGE('',*,*,#720,.F.);
#720 = EDGE_CURVE('',#721,#713,#723,.T.);
#721 = VERTEX_POINT('',#722);
#722 = CARTESIAN_POINT('',(0.5,0.4,3.E-02));
#723 = CIRCLE('',#724,3.E-02);
#724 = AXIS2_PLACEMENT_3D('',#725,#726,#727);
#725 = CARTESIAN_POINT('',(0.5,0.37,3.E-02));
#726 = DIRECTION('',(-1.,0.,0.));
#727 = DIRECTION('',(0.,0.,1.));
#728 = ORIENTED_EDGE('',*,*,#729,.T.);
#729 = EDGE_CURVE('',#721,#730,#732,.T.);
#730 = VERTEX_POINT('',#731);
#731 = CARTESIAN_POINT('',(0.5,0.4,0.77));
#732 = LINE('',#733,#734);
#733 = CARTESIAN_POINT('',(0.5,0.4,0.));
#734 = VECTOR('',#735,1.);
#735 = DIRECTION('',(0.,0.,1.));
#736 = ORIENTED_EDGE('',*,*,#737,.T.);
#737 = EDGE_CURVE('',#730,#738,#740,.T.);
#738 = VERTEX_POINT('',#739);
#739 = CARTESIAN_POINT('',(0.5,0.37,0.8));
#740 = CIRCLE('',#741,3.E-02);
#741 = AXIS2_PLACEMENT_3D('',#742,#743,#744);
#742 = CARTESIAN_POINT('',(0.5,0.37,0.77));
#743 = DIRECTION('',(1.,0.,-0.));
#744 = DIRECTION('',(0.,0.,1.));
#745 = ORIENTED_EDGE('',*,*,#746,.F.);
#746 = EDGE_CURVE('',#747,#738,#749,.T.);
#747 = VERTEX_POINT('',#748);
#748 = CARTESIAN_POINT('',(0.5,-0.37,0.8));
#749 = LINE('',#750,#751);
#750 = CARTESIAN_POINT('',(0.5,-0.4,0.8));
#751 = VECTOR('',#752,1.);
#752 = DIRECTION('',(0.,1.,0.));
#753 = ORIENTED_EDGE('',*,*,#754,.F.);
#754 = EDGE_CURVE('',#696,#747,#755,.T.);
#755 = CIRCLE('',#756,3.E-02);
#756 = AXIS2_PLACEMENT_3D('',#757,#758,#759);
#757 = CARTESIAN_POINT('',(0.5,-0.37,0.77));
#758 = DIRECTION('',(-1.,0.,0.));
#759 = DIRECTION('',(0.,0.,1.));
#760 = FACE_BOUND('',#761,.F.);
#761 = EDGE_LOOP('',(#762,#763,#764,#765,#766,#767,#768,#769));
#762 = ORIENTED_EDGE('',*,*,#506,.F.);
#763 = ORIENTED_EDGE('',*,*,#676,.T.);
#764 = ORIENTED_EDGE('',*,*,#659,.T.);
#765 = ORIENTED_EDGE('',*,*,#636,.T.);
#766 = ORIENTED_EDGE('',*,*,#611,.F.);
#767 = ORIENTED_EDGE('',*,*,#578,.F.);
#768 = ORIENTED_EDGE('',*,*,#561,.T.);
#769 = ORIENTED_EDGE('',*,*,#531,.F.);
#770 = PLANE('',#771);
#771 = AXIS2_PLACEMENT_3D('',#772,#773,#774);
#772 = CARTESIAN_POINT('',(0.5,-0.4,0.));
#773 = DIRECTION('',(1.,0.,0.));
#774 = DIRECTION('',(0.,0.,1.));
#775 = ADVANCED_FACE('',(#776),#801,.F.);
#776 = FACE_BOUND('',#777,.F.);
#777 = EDGE_LOOP('',(#778,#788,#794,#795));
#778 = ORIENTED_EDGE('',*,*,#779,.F.);
#779 = EDGE_CURVE('',#780,#782,#784,.T.);
#780 = VERTEX_POINT('',#781);
#781 = CARTESIAN_POINT('',(0.8,-0.4,3.E-02));
#782 = VERTEX_POINT('',#783);
#783 = CARTESIAN_POINT('',(0.8,-0.4,0.77));
#784 = LINE('',#785,#786);
#785 = CARTESIAN_POINT('',(0.8,-0.4,0.));
#786 = VECTOR('',#787,1.);
#787 = DIRECTION('',(0.,0.,1.));
#788 = ORIENTED_EDGE('',*,*,#789,.F.);
#789 = EDGE_CURVE('',#694,#780,#790,.T.);
#790 = LINE('',#791,#792);
#791 = CARTESIAN_POINT('',(0.5,-0.4,3.E-02));
#792 = VECTOR('',#793,1.);
#793 = DIRECTION('',(1.,0.,0.));
#794 = ORIENTED_EDGE('',*,*,#693,.T.);
#795 = ORIENTED_EDGE('',*,*,#796,.T.);
#796 = EDGE_CURVE('',#696,#782,#797,.T.);
#797 = LINE('',#798,#799);
#798 = CARTESIAN_POINT('',(0.5,-0.4,0.77));
#799 = VECTOR('',#800,1.);
#800 = DIRECTION('',(1.,0.,0.));
#801 = PLANE('',#802);
#802 = AXIS2_PLACEMENT_3D('',#803,#804,#805);
#803 = CARTESIAN_POINT('',(0.5,-0.4,0.));
#804 = DIRECTION('',(0.,1.,0.));
#805 = DIRECTION('',(0.,-0.,1.));
#806 = ADVANCED_FACE('',(#807),#826,.T.);
#807 = FACE_BOUND('',#808,.T.);
#808 = EDGE_LOOP('',(#809,#810,#818,#825));
#809 = ORIENTED_EDGE('',*,*,#703,.T.);
#810 = ORIENTED_EDGE('',*,*,#811,.T.);
#811 = EDGE_CURVE('',#704,#812,#814,.T.);
#812 = VERTEX_POINT('',#813);
#813 = CARTESIAN_POINT('',(0.8,-0.37,0.));
#814 = LINE('',#815,#816);
#815 = CARTESIAN_POINT('',(0.5,-0.37,0.));
#816 = VECTOR('',#817,1.);
#817 = DIRECTION('',(1.,0.,0.));
#818 = ORIENTED_EDGE('',*,*,#819,.F.);
#819 = EDGE_CURVE('',#780,#812,#820,.T.);
#820 = CIRCLE('',#821,3.E-02);
#821 = AXIS2_PLACEMENT_3D('',#822,#823,#824);
#822 = CARTESIAN_POINT('',(0.8,-0.37,3.E-02));
#823 = DIRECTION('',(1.,0.,-0.));
#824 = DIRECTION('',(0.,0.,1.));
#825 = ORIENTED_EDGE('',*,*,#789,.F.);
#826 = CYLINDRICAL_SURFACE('',#827,3.E-02);
#827 = AXIS2_PLACEMENT_3D('',#828,#829,#830);
#828 = CARTESIAN_POINT('',(0.5,-0.37,3.E-02));
#829 = DIRECTION('',(1.,0.,0.));
#830 = DIRECTION('',(0.,-1.,0.));
#831 = ADVANCED_FACE('',(#832),#851,.T.);
#832 = FACE_BOUND('',#833,.T.);
#833 = EDGE_LOOP('',(#834,#835,#844,#850));
#834 = ORIENTED_EDGE('',*,*,#796,.T.);
#835 = ORIENTED_EDGE('',*,*,#836,.T.);
#836 = EDGE_CURVE('',#782,#837,#839,.T.);
#837 = VERTEX_POINT('',#838);
#838 = CARTESIAN_POINT('',(0.8,-0.37,0.8));
#839 = CIRCLE('',#840,3.E-02);
#840 = AXIS2_PLACEMENT_3D('',#841,#842,#843);
#841 = CARTESIAN_POINT('',(0.8,-0.37,0.77));
#842 = DIRECTION('',(-1.,0.,0.));
#843 = DIRECTION('',(0.,0.,1.));
#844 = ORIENTED_EDGE('',*,*,#845,.F.);
#845 = EDGE_CURVE('',#747,#837,#846,.T.);
#846 = LINE('',#847,#848);
#847 = CARTESIAN_POINT('',(0.5,-0.37,0.8));
#848 = VECTOR('',#849,1.);
#849 = DIRECTION('',(1.,0.,0.));
#850 = ORIENTED_EDGE('',*,*,#754,.F.);
#851 = CYLINDRICAL_SURFACE('',#852,3.E-02);
#852 = AXIS2_PLACEMENT_3D('',#853,#854,#855);
#853 = CARTESIAN_POINT('',(0.5,-0.37,0.77));
#854 = DIRECTION('',(1.,0.,0.));
#855 = DIRECTION('',(0.,-1.,0.));
#856 = ADVANCED_FACE('',(#857),#875,.F.);
#857 = FACE_BOUND('',#858,.F.);
#858 = EDGE_LOOP('',(#859,#860,#861,#869));
#859 = ORIENTED_EDGE('',*,*,#712,.F.);
#860 = ORIENTED_EDGE('',*,*,#811,.T.);
#861 = ORIENTED_EDGE('',*,*,#862,.T.);
#862 = EDGE_CURVE('',#812,#863,#865,.T.);
#863 = VERTEX_POINT('',#864);
#864 = CARTESIAN_POINT('',(0.8,0.37,0.));
#865 = LINE('',#866,#867);
#866 = CARTESIAN_POINT('',(0.8,-0.4,0.));
#867 = VECTOR('',#868,1.);
#868 = DIRECTION('',(0.,1.,0.));
#869 = ORIENTED_EDGE('',*,*,#870,.F.);
#870 = EDGE_CURVE('',#713,#863,#871,.T.);
#871 = LINE('',#872,#873);
#872 = CARTESIAN_POINT('',(0.5,0.37,0.));
#873 = VECTOR('',#874,1.);
#874 = DIRECTION('',(1.,0.,0.));
#875 = PLANE('',#876);
#876 = AXIS2_PLACEMENT_3D('',#877,#878,#879);
#877 = CARTESIAN_POINT('',(0.5,-0.4,0.));
#878 = DIRECTION('',(0.,0.,1.));
#879 = DIRECTION('',(1.,0.,-0.));
#880 = ADVANCED_FACE('',(#881),#899,.T.);
#881 = FACE_BOUND('',#882,.T.);
#882 = EDGE_LOOP('',(#883,#884,#885,#893));
#883 = ORIENTED_EDGE('',*,*,#746,.F.);
#884 = ORIENTED_EDGE('',*,*,#845,.T.);
#885 = ORIENTED_EDGE('',*,*,#886,.T.);
#886 = EDGE_CURVE('',#837,#887,#889,.T.);
#887 = VERTEX_POINT('',#888);
#888 = CARTESIAN_POINT('',(0.8,0.37,0.8));
#889 = LINE('',#890,#891);
#890 = CARTESIAN_POINT('',(0.8,-0.4,0.8));
#891 = VECTOR('',#892,1.);
#892 = DIRECTION('',(0.,1.,0.));
#893 = ORIENTED_EDGE('',*,*,#894,.F.);
#894 = EDGE_CURVE('',#738,#887,#895,.T.);
#895 = LINE('',#896,#897);
#896 = CARTESIAN_POINT('',(0.5,0.37,0.8));
#897 = VECTOR('',#898,1.);
#898 = DIRECTION('',(1.,0.,0.));
#899 = PLANE('',#900);
#900 = AXIS2_PLACEMENT_3D('',#901,#902,#903);
#901 = CARTESIAN_POINT('',(0.5,-0.4,0.8));
#902 = DIRECTION('',(0.,0.,1.));
#903 = DIRECTION('',(1.,0.,-0.));
#904 = ADVANCED_FACE('',(#905),#924,.T.);
#905 = FACE_BOUND('',#906,.T.);
#906 = EDGE_LOOP('',(#907,#915,#922,#923));
#907 = ORIENTED_EDGE('',*,*,#908,.T.);
#908 = EDGE_CURVE('',#721,#909,#911,.T.);
#909 = VERTEX_POINT('',#910);
#910 = CARTESIAN_POINT('',(0.8,0.4,3.E-02));
#911 = LINE('',#912,#913);
#912 = CARTESIAN_POINT('',(0.5,0.4,3.E-02));
#913 = VECTOR('',#914,1.);
#914 = DIRECTION('',(1.,0.,0.));
#915 = ORIENTED_EDGE('',*,*,#916,.T.);
#916 = EDGE_CURVE('',#909,#863,#917,.T.);
#917 = CIRCLE('',#918,3.E-02);
#918 = AXIS2_PLACEMENT_3D('',#919,#920,#921);
#919 = CARTESIAN_POINT('',(0.8,0.37,3.E-02));
#920 = DIRECTION('',(-1.,0.,0.));
#921 = DIRECTION('',(0.,0.,1.));
#922 = ORIENTED_EDGE('',*,*,#870,.F.);
#923 = ORIENTED_EDGE('',*,*,#720,.F.);
#924 = CYLINDRICAL_SURFACE('',#925,3.E-02);
#925 = AXIS2_PLACEMENT_3D('',#926,#927,#928);
#926 = CARTESIAN_POINT('',(0.5,0.37,3.E-02));
#927 = DIRECTION('',(1.,0.,0.));
#928 = DIRECTION('',(-0.,1.,0.));
#929 = ADVANCED_FACE('',(#930),#949,.T.);
#930 = FACE_BOUND('',#931,.T.);
#931 = EDGE_LOOP('',(#932,#933,#934,#943));
#932 = ORIENTED_EDGE('',*,*,#737,.T.);
#933 = ORIENTED_EDGE('',*,*,#894,.T.);
#934 = ORIENTED_EDGE('',*,*,#935,.F.);
#935 = EDGE_CURVE('',#936,#887,#938,.T.);
#936 = VERTEX_POINT('',#937);
#937 = CARTESIAN_POINT('',(0.8,0.4,0.77));
#938 = CIRCLE('',#939,3.E-02);
#939 = AXIS2_PLACEMENT_3D('',#940,#941,#942);
#940 = CARTESIAN_POINT('',(0.8,0.37,0.77));
#941 = DIRECTION('',(1.,0.,-0.));
#942 = DIRECTION('',(0.,0.,1.));
#943 = ORIENTED_EDGE('',*,*,#944,.F.);
#944 = EDGE_CURVE('',#730,#936,#945,.T.);
#945 = LINE('',#946,#947);
#946 = CARTESIAN_POINT('',(0.5,0.4,0.77));
#947 = VECTOR('',#948,1.);
#948 = DIRECTION('',(1.,0.,0.));
#949 = CYLINDRICAL_SURFACE('',#950,3.E-02);
#950 = AXIS2_PLACEMENT_3D('',#951,#952,#953);
#951 = CARTESIAN_POINT('',(0.5,0.37,0.77));
#952 = DIRECTION('',(1.,0.,0.));
#953 = DIRECTION('',(-0.,1.,0.));
#954 = ADVANCED_FACE('',(#955),#966,.T.);
#955 = FACE_BOUND('',#956,.T.);
#956 = EDGE_LOOP('',(#957,#963,#964,#965));
#957 = ORIENTED_EDGE('',*,*,#958,.F.);
#958 = EDGE_CURVE('',#909,#936,#959,.T.);
#959 = LINE('',#960,#961);
#960 = CARTESIAN_POINT('',(0.8,0.4,0.));
#961 = VECTOR('',#962,1.);
#962 = DIRECTION('',(0.,0.,1.));
#963 = ORIENTED_EDGE('',*,*,#908,.F.);
#964 = ORIENTED_EDGE('',*,*,#729,.T.);
#965 = ORIENTED_EDGE('',*,*,#944,.T.);
#966 = PLANE('',#967);
#967 = AXIS2_PLACEMENT_3D('',#968,#969,#970);
#968 = CARTESIAN_POINT('',(0.5,0.4,0.));
#969 = DIRECTION('',(0.,1.,0.));
#970 = DIRECTION('',(0.,-0.,1.));
#971 = ADVANCED_FACE('',(#972),#982,.T.);
#972 = FACE_BOUND('',#973,.T.);
#973 = EDGE_LOOP('',(#974,#975,#976,#977,#978,#979,#980,#981));
#974 = ORIENTED_EDGE('',*,*,#779,.F.);
#975 = ORIENTED_EDGE('',*,*,#819,.T.);
#976 = ORIENTED_EDGE('',*,*,#862,.T.);
#977 = ORIENTED_EDGE('',*,*,#916,.F.);
#978 = ORIENTED_EDGE('',*,*,#958,.T.);
#979 = ORIENTED_EDGE('',*,*,#935,.T.);
#980 = ORIENTED_EDGE('',*,*,#886,.F.);
#981 = ORIENTED_EDGE('',*,*,#836,.F.);
#982 = PLANE('',#983);
#983 = AXIS2_PLACEMENT_3D('',#984,#985,#986);
#984 = CARTESIAN_POINT('',(0.8,-0.4,0.));
#985 = DIRECTION('',(1.,0.,0.));
#986 = DIRECTION('',(0.,0.,1.));
#987 = ( GEOMETRIC_REPRESENTATION_CONTEXT(3) 
GLOBAL_UNCERTAINTY_ASSIGNED_CONTEXT((#991)) GLOBAL_UNIT_ASSIGNED_CONTEXT
((#988,#989,#990)) REPRESENTATION_CONTEXT('Context #1',
  '3D Context with UNIT and UNCERTAINTY') );
#988 = ( LENGTH_UNIT() NAMED_UNIT(*) SI_UNIT(.MILLI.,.METRE.) );
#989 = ( NAMED_UNIT(*) PLANE_ANGLE_UNIT() SI_UNIT($,.RADIAN.) );
#990 = ( NAMED_UNIT(*) SI_UNIT($,.STERADIAN.) SOLID_ANGLE_UNIT() );
#991 = UNCERTAINTY_MEASURE_WITH_UNIT(LENGTH_MEASURE(1.E-07),#988,
  'distance_accuracy_value','confusion accuracy');
#992 = CONTEXT_DEPENDENT_SHAPE_REPRESENTATION(#993,#995);
#993 = ( REPRESENTATION_RELATIONSHIP('','',#132,#10) 
REPRESENTATION_RELATIONSHIP_WITH_TRANSFORMATION(#994) 
SHAPE_REPRESENTATION_RELATIONSHIP() );
#994 = ITEM_DEFINED_TRANSFORMATION('','',#11,#15);
#995 = PRODUCT_DEFINITION_SHAPE('Placement','Placement of an item',#996
  );
#996 = NEXT_ASSEMBLY_USAGE_OCCURRENCE('1','C14','',#5,#127,$);
#997 = PRODUCT_RELATED_PRODUCT_CATEGORY('part',$,(#129));
#998 = CONTEXT_DEPENDENT_SHAPE_REPRESENTATION(#999,#1001);
#999 = ( REPRESENTATION_RELATIONSHIP('','',#132,#10) 
REPRESENTATION_RELATIONSHIP_WITH_TRANSFORMATION(#1000) 
SHAPE_REPRESENTATION_RELATIONSHIP() );
#1000 = ITEM_DEFINED_TRANSFORMATION('','',#11,#19);
#1001 = PRODUCT_DEFINITION_SHAPE('Placement','Placement of an item',
  #1002);
#1002 = NEXT_ASSEMBLY_USAGE_OCCURRENCE('2','C15','',#5,#127,$);
#1003 = CONTEXT_DEPENDENT_SHAPE_REPRESENTATION(#1004,#1006);
#1004 = ( REPRESENTATION_RELATIONSHIP('','',#132,#10) 
REPRESENTATION_RELATIONSHIP_WITH_TRANSFORMATION(#1005) 
SHAPE_REPRESENTATION_RELATIONSHIP() );
#1005 = ITEM_DEFINED_TRANSFORMATION('','',#11,#23);
#1006 = PRODUCT_DEFINITION_SHAPE('Placement','Placement of an item',
  #1007);
#1007 = NEXT_ASSEMBLY_USAGE_OCCURRENCE('3','C11','',#5,#127,$);
#1008 = CONTEXT_DEPENDENT_SHAPE_REPRESENTATION(#1009,#1011);
#1009 = ( REPRESENTATION_RELATIONSHIP('','',#132,#10) 
REPRESENTATION_RELATIONSHIP_WITH_TRANSFORMATION(#1010) 
SHAPE_REPRESENTATION_RELATIONSHIP() );
#1010 = ITEM_DEFINED_TRANSFORMATION('','',#11,#27);
#1011 = PRODUCT_DEFINITION_SHAPE('Placement','Placement of an item',
  #1012);
#1012 = NEXT_ASSEMBLY_USAGE_OCCURRENCE('4','C6','',#5,#127,$);
#1013 = CONTEXT_DEPENDENT_SHAPE_REPRESENTATION(#1014,#1016);
#1014 = ( REPRESENTATION_RELATIONSHIP('','',#132,#10) 
REPRESENTATION_RELATIONSHIP_WITH_TRANSFORMATION(#1015) 
SHAPE_REPRESENTATION_RELATIONSHIP() );
#1015 = ITEM_DEFINED_TRANSFORMATION('','',#11,#31);
#1016 = PRODUCT_DEFINITION_SHAPE('Placement','Placement of an item',
  #1017);
#1017 = NEXT_ASSEMBLY_USAGE_OCCURRENCE('5','C16','',#5,#127,$);
#1018 = SHAPE_DEFINITION_REPRESENTATION(#1019,#1025);
#1019 = PRODUCT_DEFINITION_SHAPE('','',#1020);
#1020 = PRODUCT_DEFINITION('design','',#1021,#1024);
#1021 = PRODUCT_DEFINITION_FORMATION('','',#1022);
#1022 = PRODUCT('C_0402_1005Metric','C_0402_1005Metric','',(#1023));
#1023 = PRODUCT_CONTEXT('',#2,'mechanical');
#1024 = PRODUCT_DEFINITION_CONTEXT('part definition',#2,'design');
#1025 = ADVANCED_BREP_SHAPE_REPRESENTATION('',(#11,#1026),#1880);
#1026 = MANIFOLD_SOLID_BREP('',#1027);
#1027 = CLOSED_SHELL('',(#1028,#1104,#1135,#1160,#1185,#1209,#1233,#1258
    ,#1283,#1300,#1386,#1418,#1442,#1467,#1491,#1516,#1540,#1565,#1582,
    #1668,#1699,#1724,#1749,#1773,#1797,#1822,#1847,#1864));
#1028 = ADVANCED_FACE('',(#1029),#1099,.F.);
#1029 = FACE_BOUND('',#1030,.F.);
#1030 = EDGE_LOOP('',(#1031,#1041,#1050,#1058,#1067,#1075,#1084,#1092));
#1031 = ORIENTED_EDGE('',*,*,#1032,.F.);
#1032 = EDGE_CURVE('',#1033,#1035,#1037,.T.);
#1033 = VERTEX_POINT('',#1034);
#1034 = CARTESIAN_POINT('',(-0.5,-0.25,2.E-02));
#1035 = VERTEX_POINT('',#1036);
#1036 = CARTESIAN_POINT('',(-0.5,-0.25,0.48));
#1037 = LINE('',#1038,#1039);
#1038 = CARTESIAN_POINT('',(-0.5,-0.25,0.));
#1039 = VECTOR('',#1040,1.);
#1040 = DIRECTION('',(0.,0.,1.));
#1041 = ORIENTED_EDGE('',*,*,#1042,.T.);
#1042 = EDGE_CURVE('',#1033,#1043,#1045,.T.);
#1043 = VERTEX_POINT('',#1044);
#1044 = CARTESIAN_POINT('',(-0.5,-0.23,0.));
#1045 = CIRCLE('',#1046,2.E-02);
#1046 = AXIS2_PLACEMENT_3D('',#1047,#1048,#1049);
#1047 = CARTESIAN_POINT('',(-0.5,-0.23,2.E-02));
#1048 = DIRECTION('',(1.,0.,-0.));
#1049 = DIRECTION('',(0.,0.,1.));
#1050 = ORIENTED_EDGE('',*,*,#1051,.T.);
#1051 = EDGE_CURVE('',#1043,#1052,#1054,.T.);
#1052 = VERTEX_POINT('',#1053);
#1053 = CARTESIAN_POINT('',(-0.5,0.23,0.));
#1054 = LINE('',#1055,#1056);
#1055 = CARTESIAN_POINT('',(-0.5,-0.25,0.));
#1056 = VECTOR('',#1057,1.);
#1057 = DIRECTION('',(0.,1.,0.));
#1058 = ORIENTED_EDGE('',*,*,#1059,.F.);
#1059 = EDGE_CURVE('',#1060,#1052,#1062,.T.);
#1060 = VERTEX_POINT('',#1061);
#1061 = CARTESIAN_POINT('',(-0.5,0.25,2.E-02));
#1062 = CIRCLE('',#1063,2.E-02);
#1063 = AXIS2_PLACEMENT_3D('',#1064,#1065,#1066);
#1064 = CARTESIAN_POINT('',(-0.5,0.23,2.E-02));
#1065 = DIRECTION('',(-1.,0.,0.));
#1066 = DIRECTION('',(0.,0.,1.));
#1067 = ORIENTED_EDGE('',*,*,#1068,.T.);
#1068 = EDGE_CURVE('',#1060,#1069,#1071,.T.);
#1069 = VERTEX_POINT('',#1070);
#1070 = CARTESIAN_POINT('',(-0.5,0.25,0.48));
#1071 = LINE('',#1072,#1073);
#1072 = CARTESIAN_POINT('',(-0.5,0.25,0.));
#1073 = VECTOR('',#1074,1.);
#1074 = DIRECTION('',(0.,0.,1.));
#1075 = ORIENTED_EDGE('',*,*,#1076,.T.);
#1076 = EDGE_CURVE('',#1069,#1077,#1079,.T.);
#1077 = VERTEX_POINT('',#1078);
#1078 = CARTESIAN_POINT('',(-0.5,0.23,0.5));
#1079 = CIRCLE('',#1080,2.E-02);
#1080 = AXIS2_PLACEMENT_3D('',#1081,#1082,#1083);
#1081 = CARTESIAN_POINT('',(-0.5,0.23,0.48));
#1082 = DIRECTION('',(1.,0.,-0.));
#1083 = DIRECTION('',(0.,0.,1.));
#1084 = ORIENTED_EDGE('',*,*,#1085,.F.);
#1085 = EDGE_CURVE('',#1086,#1077,#1088,.T.);
#1086 = VERTEX_POINT('',#1087);
#1087 = CARTESIAN_POINT('',(-0.5,-0.23,0.5));
#1088 = LINE('',#1089,#1090);
#1089 = CARTESIAN_POINT('',(-0.5,-0.25,0.5));
#1090 = VECTOR('',#1091,1.);
#1091 = DIRECTION('',(0.,1.,0.));
#1092 = ORIENTED_EDGE('',*,*,#1093,.F.);
#1093 = EDGE_CURVE('',#1035,#1086,#1094,.T.);
#1094 = CIRCLE('',#1095,2.E-02);
#1095 = AXIS2_PLACEMENT_3D('',#1096,#1097,#1098);
#1096 = CARTESIAN_POINT('',(-0.5,-0.23,0.48));
#1097 = DIRECTION('',(-1.,0.,0.));
#1098 = DIRECTION('',(0.,0.,1.));
#1099 = PLANE('',#1100);
#1100 = AXIS2_PLACEMENT_3D('',#1101,#1102,#1103);
#1101 = CARTESIAN_POINT('',(-0.5,-0.25,0.));
#1102 = DIRECTION('',(1.,0.,0.));
#1103 = DIRECTION('',(0.,0.,1.));
#1104 = ADVANCED_FACE('',(#1105),#1130,.F.);
#1105 = FACE_BOUND('',#1106,.F.);
#1106 = EDGE_LOOP('',(#1107,#1117,#1123,#1124));
#1107 = ORIENTED_EDGE('',*,*,#1108,.F.);
#1108 = EDGE_CURVE('',#1109,#1111,#1113,.T.);
#1109 = VERTEX_POINT('',#1110);
#1110 = CARTESIAN_POINT('',(-0.3,-0.25,2.E-02));
#1111 = VERTEX_POINT('',#1112);
#1112 = CARTESIAN_POINT('',(-0.3,-0.25,0.48));
#1113 = LINE('',#1114,#1115);
#1114 = CARTESIAN_POINT('',(-0.3,-0.25,0.));
#1115 = VECTOR('',#1116,1.);
#1116 = DIRECTION('',(0.,0.,1.));
#1117 = ORIENTED_EDGE('',*,*,#1118,.F.);
#1118 = EDGE_CURVE('',#1033,#1109,#1119,.T.);
#1119 = LINE('',#1120,#1121);
#1120 = CARTESIAN_POINT('',(-0.5,-0.25,2.E-02));
#1121 = VECTOR('',#1122,1.);
#1122 = DIRECTION('',(1.,0.,0.));
#1123 = ORIENTED_EDGE('',*,*,#1032,.T.);
#1124 = ORIENTED_EDGE('',*,*,#1125,.T.);
#1125 = EDGE_CURVE('',#1035,#1111,#1126,.T.);
#1126 = LINE('',#1127,#1128);
#1127 = CARTESIAN_POINT('',(-0.5,-0.25,0.48));
#1128 = VECTOR('',#1129,1.);
#1129 = DIRECTION('',(1.,0.,0.));
#1130 = PLANE('',#1131);
#1131 = AXIS2_PLACEMENT_3D('',#1132,#1133,#1134);
#1132 = CARTESIAN_POINT('',(-0.5,-0.25,0.));
#1133 = DIRECTION('',(0.,1.,0.));
#1134 = DIRECTION('',(0.,-0.,1.));
#1135 = ADVANCED_FACE('',(#1136),#1155,.T.);
#1136 = FACE_BOUND('',#1137,.T.);
#1137 = EDGE_LOOP('',(#1138,#1139,#1147,#1154));
#1138 = ORIENTED_EDGE('',*,*,#1042,.T.);
#1139 = ORIENTED_EDGE('',*,*,#1140,.T.);
#1140 = EDGE_CURVE('',#1043,#1141,#1143,.T.);
#1141 = VERTEX_POINT('',#1142);
#1142 = CARTESIAN_POINT('',(-0.3,-0.23,0.));
#1143 = LINE('',#1144,#1145);
#1144 = CARTESIAN_POINT('',(-0.5,-0.23,0.));
#1145 = VECTOR('',#1146,1.);
#1146 = DIRECTION('',(1.,0.,0.));
#1147 = ORIENTED_EDGE('',*,*,#1148,.F.);
#1148 = EDGE_CURVE('',#1109,#1141,#1149,.T.);
#1149 = CIRCLE('',#1150,2.E-02);
#1150 = AXIS2_PLACEMENT_3D('',#1151,#1152,#1153);
#1151 = CARTESIAN_POINT('',(-0.3,-0.23,2.E-02));
#1152 = DIRECTION('',(1.,0.,-0.));
#1153 = DIRECTION('',(0.,0.,1.));
#1154 = ORIENTED_EDGE('',*,*,#1118,.F.);
#1155 = CYLINDRICAL_SURFACE('',#1156,2.E-02);
#1156 = AXIS2_PLACEMENT_3D('',#1157,#1158,#1159);
#1157 = CARTESIAN_POINT('',(-0.5,-0.23,2.E-02));
#1158 = DIRECTION('',(1.,0.,0.));
#1159 = DIRECTION('',(0.,-1.,0.));
#1160 = ADVANCED_FACE('',(#1161),#1180,.T.);
#1161 = FACE_BOUND('',#1162,.T.);
#1162 = EDGE_LOOP('',(#1163,#1164,#1173,#1179));
#1163 = ORIENTED_EDGE('',*,*,#1125,.T.);
#1164 = ORIENTED_EDGE('',*,*,#1165,.T.);
#1165 = EDGE_CURVE('',#1111,#1166,#1168,.T.);
#1166 = VERTEX_POINT('',#1167);
#1167 = CARTESIAN_POINT('',(-0.3,-0.23,0.5));
#1168 = CIRCLE('',#1169,2.E-02);
#1169 = AXIS2_PLACEMENT_3D('',#1170,#1171,#1172);
#1170 = CARTESIAN_POINT('',(-0.3,-0.23,0.48));
#1171 = DIRECTION('',(-1.,0.,0.));
#1172 = DIRECTION('',(0.,0.,1.));
#1173 = ORIENTED_EDGE('',*,*,#1174,.F.);
#1174 = EDGE_CURVE('',#1086,#1166,#1175,.T.);
#1175 = LINE('',#1176,#1177);
#1176 = CARTESIAN_POINT('',(-0.5,-0.23,0.5));
#1177 = VECTOR('',#1178,1.);
#1178 = DIRECTION('',(1.,0.,0.));
#1179 = ORIENTED_EDGE('',*,*,#1093,.F.);
#1180 = CYLINDRICAL_SURFACE('',#1181,2.E-02);
#1181 = AXIS2_PLACEMENT_3D('',#1182,#1183,#1184);
#1182 = CARTESIAN_POINT('',(-0.5,-0.23,0.48));
#1183 = DIRECTION('',(1.,0.,0.));
#1184 = DIRECTION('',(0.,-1.,0.));
#1185 = ADVANCED_FACE('',(#1186),#1204,.F.);
#1186 = FACE_BOUND('',#1187,.F.);
#1187 = EDGE_LOOP('',(#1188,#1189,#1190,#1198));
#1188 = ORIENTED_EDGE('',*,*,#1051,.F.);
#1189 = ORIENTED_EDGE('',*,*,#1140,.T.);
#1190 = ORIENTED_EDGE('',*,*,#1191,.T.);
#1191 = EDGE_CURVE('',#1141,#1192,#1194,.T.);
#1192 = VERTEX_POINT('',#1193);
#1193 = CARTESIAN_POINT('',(-0.3,0.23,0.));
#1194 = LINE('',#1195,#1196);
#1195 = CARTESIAN_POINT('',(-0.3,-0.25,0.));
#1196 = VECTOR('',#1197,1.);
#1197 = DIRECTION('',(0.,1.,0.));
#1198 = ORIENTED_EDGE('',*,*,#1199,.F.);
#1199 = EDGE_CURVE('',#1052,#1192,#1200,.T.);
#1200 = LINE('',#1201,#1202);
#1201 = CARTESIAN_POINT('',(-0.5,0.23,0.));
#1202 = VECTOR('',#1203,1.);
#1203 = DIRECTION('',(1.,0.,0.));
#1204 = PLANE('',#1205);
#1205 = AXIS2_PLACEMENT_3D('',#1206,#1207,#1208);
#1206 = CARTESIAN_POINT('',(-0.5,-0.25,0.));
#1207 = DIRECTION('',(0.,0.,1.));
#1208 = DIRECTION('',(1.,0.,-0.));
#1209 = ADVANCED_FACE('',(#1210),#1228,.T.);
#1210 = FACE_BOUND('',#1211,.T.);
#1211 = EDGE_LOOP('',(#1212,#1213,#1214,#1222));
#1212 = ORIENTED_EDGE('',*,*,#1085,.F.);
#1213 = ORIENTED_EDGE('',*,*,#1174,.T.);
#1214 = ORIENTED_EDGE('',*,*,#1215,.T.);
#1215 = EDGE_CURVE('',#1166,#1216,#1218,.T.);
#1216 = VERTEX_POINT('',#1217);
#1217 = CARTESIAN_POINT('',(-0.3,0.23,0.5));
#1218 = LINE('',#1219,#1220);
#1219 = CARTESIAN_POINT('',(-0.3,-0.25,0.5));
#1220 = VECTOR('',#1221,1.);
#1221 = DIRECTION('',(0.,1.,0.));
#1222 = ORIENTED_EDGE('',*,*,#1223,.F.);
#1223 = EDGE_CURVE('',#1077,#1216,#1224,.T.);
#1224 = LINE('',#1225,#1226);
#1225 = CARTESIAN_POINT('',(-0.5,0.23,0.5));
#1226 = VECTOR('',#1227,1.);
#1227 = DIRECTION('',(1.,0.,0.));
#1228 = PLANE('',#1229);
#1229 = AXIS2_PLACEMENT_3D('',#1230,#1231,#1232);
#1230 = CARTESIAN_POINT('',(-0.5,-0.25,0.5));
#1231 = DIRECTION('',(0.,0.,1.));
#1232 = DIRECTION('',(1.,0.,-0.));
#1233 = ADVANCED_FACE('',(#1234),#1253,.T.);
#1234 = FACE_BOUND('',#1235,.T.);
#1235 = EDGE_LOOP('',(#1236,#1244,#1251,#1252));
#1236 = ORIENTED_EDGE('',*,*,#1237,.T.);
#1237 = EDGE_CURVE('',#1060,#1238,#1240,.T.);
#1238 = VERTEX_POINT('',#1239);
#1239 = CARTESIAN_POINT('',(-0.3,0.25,2.E-02));
#1240 = LINE('',#1241,#1242);
#1241 = CARTESIAN_POINT('',(-0.5,0.25,2.E-02));
#1242 = VECTOR('',#1243,1.);
#1243 = DIRECTION('',(1.,0.,0.));
#1244 = ORIENTED_EDGE('',*,*,#1245,.T.);
#1245 = EDGE_CURVE('',#1238,#1192,#1246,.T.);
#1246 = CIRCLE('',#1247,2.E-02);
#1247 = AXIS2_PLACEMENT_3D('',#1248,#1249,#1250);
#1248 = CARTESIAN_POINT('',(-0.3,0.23,2.E-02));
#1249 = DIRECTION('',(-1.,0.,0.));
#1250 = DIRECTION('',(0.,0.,1.));
#1251 = ORIENTED_EDGE('',*,*,#1199,.F.);
#1252 = ORIENTED_EDGE('',*,*,#1059,.F.);
#1253 = CYLINDRICAL_SURFACE('',#1254,2.E-02);
#1254 = AXIS2_PLACEMENT_3D('',#1255,#1256,#1257);
#1255 = CARTESIAN_POINT('',(-0.5,0.23,2.E-02));
#1256 = DIRECTION('',(1.,0.,0.));
#1257 = DIRECTION('',(-0.,1.,0.));
#1258 = ADVANCED_FACE('',(#1259),#1278,.T.);
#1259 = FACE_BOUND('',#1260,.T.);
#1260 = EDGE_LOOP('',(#1261,#1262,#1263,#1272));
#1261 = ORIENTED_EDGE('',*,*,#1076,.T.);
#1262 = ORIENTED_EDGE('',*,*,#1223,.T.);
#1263 = ORIENTED_EDGE('',*,*,#1264,.F.);
#1264 = EDGE_CURVE('',#1265,#1216,#1267,.T.);
#1265 = VERTEX_POINT('',#1266);
#1266 = CARTESIAN_POINT('',(-0.3,0.25,0.48));
#1267 = CIRCLE('',#1268,2.E-02);
#1268 = AXIS2_PLACEMENT_3D('',#1269,#1270,#1271);
#1269 = CARTESIAN_POINT('',(-0.3,0.23,0.48));
#1270 = DIRECTION('',(1.,0.,-0.));
#1271 = DIRECTION('',(0.,0.,1.));
#1272 = ORIENTED_EDGE('',*,*,#1273,.F.);
#1273 = EDGE_CURVE('',#1069,#1265,#1274,.T.);
#1274 = LINE('',#1275,#1276);
#1275 = CARTESIAN_POINT('',(-0.5,0.25,0.48));
#1276 = VECTOR('',#1277,1.);
#1277 = DIRECTION('',(1.,0.,0.));
#1278 = CYLINDRICAL_SURFACE('',#1279,2.E-02);
#1279 = AXIS2_PLACEMENT_3D('',#1280,#1281,#1282);
#1280 = CARTESIAN_POINT('',(-0.5,0.23,0.48));
#1281 = DIRECTION('',(1.,0.,0.));
#1282 = DIRECTION('',(-0.,1.,0.));
#1283 = ADVANCED_FACE('',(#1284),#1295,.T.);
#1284 = FACE_BOUND('',#1285,.T.);
#1285 = EDGE_LOOP('',(#1286,#1292,#1293,#1294));
#1286 = ORIENTED_EDGE('',*,*,#1287,.F.);
#1287 = EDGE_CURVE('',#1238,#1265,#1288,.T.);
#1288 = LINE('',#1289,#1290);
#1289 = CARTESIAN_POINT('',(-0.3,0.25,0.));
#1290 = VECTOR('',#1291,1.);
#1291 = DIRECTION('',(0.,0.,1.));
#1292 = ORIENTED_EDGE('',*,*,#1237,.F.);
#1293 = ORIENTED_EDGE('',*,*,#1068,.T.);
#1294 = ORIENTED_EDGE('',*,*,#1273,.T.);
#1295 = PLANE('',#1296);
#1296 = AXIS2_PLACEMENT_3D('',#1297,#1298,#1299);
#1297 = CARTESIAN_POINT('',(-0.5,0.25,0.));
#1298 = DIRECTION('',(0.,1.,0.));
#1299 = DIRECTION('',(0.,-0.,1.));
#1300 = ADVANCED_FACE('',(#1301,#1311),#1381,.T.);
#1301 = FACE_BOUND('',#1302,.T.);
#1302 = EDGE_LOOP('',(#1303,#1304,#1305,#1306,#1307,#1308,#1309,#1310));
#1303 = ORIENTED_EDGE('',*,*,#1108,.F.);
#1304 = ORIENTED_EDGE('',*,*,#1148,.T.);
#1305 = ORIENTED_EDGE('',*,*,#1191,.T.);
#1306 = ORIENTED_EDGE('',*,*,#1245,.F.);
#1307 = ORIENTED_EDGE('',*,*,#1287,.T.);
#1308 = ORIENTED_EDGE('',*,*,#1264,.T.);
#1309 = ORIENTED_EDGE('',*,*,#1215,.F.);
#1310 = ORIENTED_EDGE('',*,*,#1165,.F.);
#1311 = FACE_BOUND('',#1312,.T.);
#1312 = EDGE_LOOP('',(#1313,#1324,#1332,#1341,#1349,#1358,#1366,#1375));
#1313 = ORIENTED_EDGE('',*,*,#1314,.F.);
#1314 = EDGE_CURVE('',#1315,#1317,#1319,.T.);
#1315 = VERTEX_POINT('',#1316);
#1316 = CARTESIAN_POINT('',(-0.3,-0.23,4.E-02));
#1317 = VERTEX_POINT('',#1318);
#1318 = CARTESIAN_POINT('',(-0.3,-0.21,2.E-02));
#1319 = CIRCLE('',#1320,2.E-02);
#1320 = AXIS2_PLACEMENT_3D('',#1321,#1322,#1323);
#1321 = CARTESIAN_POINT('',(-0.3,-0.21,4.E-02));
#1322 = DIRECTION('',(1.,0.,-0.));
#1323 = DIRECTION('',(0.,0.,1.));
#1324 = ORIENTED_EDGE('',*,*,#1325,.T.);
#1325 = EDGE_CURVE('',#1315,#1326,#1328,.T.);
#1326 = VERTEX_POINT('',#1327);
#1327 = CARTESIAN_POINT('',(-0.3,-0.23,0.46));
#1328 = LINE('',#1329,#1330);
#1329 = CARTESIAN_POINT('',(-0.3,-0.23,2.E-02));
#1330 = VECTOR('',#1331,1.);
#1331 = DIRECTION('',(0.,0.,1.));
#1332 = ORIENTED_EDGE('',*,*,#1333,.T.);
#1333 = EDGE_CURVE('',#1326,#1334,#1336,.T.);
#1334 = VERTEX_POINT('',#1335);
#1335 = CARTESIAN_POINT('',(-0.3,-0.21,0.48));
#1336 = CIRCLE('',#1337,2.E-02);
#1337 = AXIS2_PLACEMENT_3D('',#1338,#1339,#1340);
#1338 = CARTESIAN_POINT('',(-0.3,-0.21,0.46));
#1339 = DIRECTION('',(-1.,0.,0.));
#1340 = DIRECTION('',(0.,0.,1.));
#1341 = ORIENTED_EDGE('',*,*,#1342,.T.);
#1342 = EDGE_CURVE('',#1334,#1343,#1345,.T.);
#1343 = VERTEX_POINT('',#1344);
#1344 = CARTESIAN_POINT('',(-0.3,0.21,0.48));
#1345 = LINE('',#1346,#1347);
#1346 = CARTESIAN_POINT('',(-0.3,-0.23,0.48));
#1347 = VECTOR('',#1348,1.);
#1348 = DIRECTION('',(0.,1.,0.));
#1349 = ORIENTED_EDGE('',*,*,#1350,.F.);
#1350 = EDGE_CURVE('',#1351,#1343,#1353,.T.);
#1351 = VERTEX_POINT('',#1352);
#1352 = CARTESIAN_POINT('',(-0.3,0.23,0.46));
#1353 = CIRCLE('',#1354,2.E-02);
#1354 = AXIS2_PLACEMENT_3D('',#1355,#1356,#1357);
#1355 = CARTESIAN_POINT('',(-0.3,0.21,0.46));
#1356 = DIRECTION('',(1.,0.,-0.));
#1357 = DIRECTION('',(0.,0.,1.));
#1358 = ORIENTED_EDGE('',*,*,#1359,.F.);
#1359 = EDGE_CURVE('',#1360,#1351,#1362,.T.);
#1360 = VERTEX_POINT('',#1361);
#1361 = CARTESIAN_POINT('',(-0.3,0.23,4.E-02));
#1362 = LINE('',#1363,#1364);
#1363 = CARTESIAN_POINT('',(-0.3,0.23,2.E-02));
#1364 = VECTOR('',#1365,1.);
#1365 = DIRECTION('',(0.,0.,1.));
#1366 = ORIENTED_EDGE('',*,*,#1367,.T.);
#1367 = EDGE_CURVE('',#1360,#1368,#1370,.T.);
#1368 = VERTEX_POINT('',#1369);
#1369 = CARTESIAN_POINT('',(-0.3,0.21,2.E-02));
#1370 = CIRCLE('',#1371,2.E-02);
#1371 = AXIS2_PLACEMENT_3D('',#1372,#1373,#1374);
#1372 = CARTESIAN_POINT('',(-0.3,0.21,4.E-02));
#1373 = DIRECTION('',(-1.,0.,0.));
#1374 = DIRECTION('',(0.,0.,1.));
#1375 = ORIENTED_EDGE('',*,*,#1376,.F.);
#1376 = EDGE_CURVE('',#1317,#1368,#1377,.T.);
#1377 = LINE('',#1378,#1379);
#1378 = CARTESIAN_POINT('',(-0.3,-0.23,2.E-02));
#1379 = VECTOR('',#1380,1.);
#1380 = DIRECTION('',(0.,1.,0.));
#1381 = PLANE('',#1382);
#1382 = AXIS2_PLACEMENT_3D('',#1383,#1384,#1385);
#1383 = CARTESIAN_POINT('',(-0.3,-0.25,0.));
#1384 = DIRECTION('',(1.,0.,0.));
#1385 = DIRECTION('',(0.,0.,1.));
#1386 = ADVANCED_FACE('',(#1387),#1413,.T.);
#1387 = FACE_BOUND('',#1388,.T.);
#1388 = EDGE_LOOP('',(#1389,#1390,#1398,#1407));
#1389 = ORIENTED_EDGE('',*,*,#1314,.T.);
#1390 = ORIENTED_EDGE('',*,*,#1391,.T.);
#1391 = EDGE_CURVE('',#1317,#1392,#1394,.T.);
#1392 = VERTEX_POINT('',#1393);
#1393 = CARTESIAN_POINT('',(0.3,-0.21,2.E-02));
#1394 = LINE('',#1395,#1396);
#1395 = CARTESIAN_POINT('',(-0.3,-0.21,2.E-02));
#1396 = VECTOR('',#1397,1.);
#1397 = DIRECTION('',(1.,0.,0.));
#1398 = ORIENTED_EDGE('',*,*,#1399,.F.);
#1399 = EDGE_CURVE('',#1400,#1392,#1402,.T.);
#1400 = VERTEX_POINT('',#1401);
#1401 = CARTESIAN_POINT('',(0.3,-0.23,4.E-02));
#1402 = CIRCLE('',#1403,2.E-02);
#1403 = AXIS2_PLACEMENT_3D('',#1404,#1405,#1406);
#1404 = CARTESIAN_POINT('',(0.3,-0.21,4.E-02));
#1405 = DIRECTION('',(1.,0.,-0.));
#1406 = DIRECTION('',(0.,0.,1.));
#1407 = ORIENTED_EDGE('',*,*,#1408,.F.);
#1408 = EDGE_CURVE('',#1315,#1400,#1409,.T.);
#1409 = LINE('',#1410,#1411);
#1410 = CARTESIAN_POINT('',(-0.3,-0.23,4.E-02));
#1411 = VECTOR('',#1412,1.);
#1412 = DIRECTION('',(1.,0.,0.));
#1413 = CYLINDRICAL_SURFACE('',#1414,2.E-02);
#1414 = AXIS2_PLACEMENT_3D('',#1415,#1416,#1417);
#1415 = CARTESIAN_POINT('',(-0.3,-0.21,4.E-02));
#1416 = DIRECTION('',(1.,0.,0.));
#1417 = DIRECTION('',(0.,-1.,0.));
#1418 = ADVANCED_FACE('',(#1419),#1437,.F.);
#1419 = FACE_BOUND('',#1420,.F.);
#1420 = EDGE_LOOP('',(#1421,#1422,#1423,#1431));
#1421 = ORIENTED_EDGE('',*,*,#1376,.F.);
#1422 = ORIENTED_EDGE('',*,*,#1391,.T.);
#1423 = ORIENTED_EDGE('',*,*,#1424,.T.);
#1424 = EDGE_CURVE('',#1392,#1425,#1427,.T.);
#1425 = VERTEX_POINT('',#1426);
#1426 = CARTESIAN_POINT('',(0.3,0.21,2.E-02));
#1427 = LINE('',#1428,#1429);
#1428 = CARTESIAN_POINT('',(0.3,-0.23,2.E-02));
#1429 = VECTOR('',#1430,1.);
#1430 = DIRECTION('',(0.,1.,0.));
#1431 = ORIENTED_EDGE('',*,*,#1432,.F.);
#1432 = EDGE_CURVE('',#1368,#1425,#1433,.T.);
#1433 = LINE('',#1434,#1435);
#1434 = CARTESIAN_POINT('',(-0.3,0.21,2.E-02));
#1435 = VECTOR('',#1436,1.);
#1436 = DIRECTION('',(1.,0.,0.));
#1437 = PLANE('',#1438);
#1438 = AXIS2_PLACEMENT_3D('',#1439,#1440,#1441);
#1439 = CARTESIAN_POINT('',(-0.3,-0.23,2.E-02));
#1440 = DIRECTION('',(0.,0.,1.));
#1441 = DIRECTION('',(1.,0.,-0.));
#1442 = ADVANCED_FACE('',(#1443),#1462,.T.);
#1443 = FACE_BOUND('',#1444,.T.);
#1444 = EDGE_LOOP('',(#1445,#1453,#1460,#1461));
#1445 = ORIENTED_EDGE('',*,*,#1446,.T.);
#1446 = EDGE_CURVE('',#1360,#1447,#1449,.T.);
#1447 = VERTEX_POINT('',#1448);
#1448 = CARTESIAN_POINT('',(0.3,0.23,4.E-02));
#1449 = LINE('',#1450,#1451);
#1450 = CARTESIAN_POINT('',(-0.3,0.23,4.E-02));
#1451 = VECTOR('',#1452,1.);
#1452 = DIRECTION('',(1.,0.,0.));
#1453 = ORIENTED_EDGE('',*,*,#1454,.T.);
#1454 = EDGE_CURVE('',#1447,#1425,#1455,.T.);
#1455 = CIRCLE('',#1456,2.E-02);
#1456 = AXIS2_PLACEMENT_3D('',#1457,#1458,#1459);
#1457 = CARTESIAN_POINT('',(0.3,0.21,4.E-02));
#1458 = DIRECTION('',(-1.,0.,0.));
#1459 = DIRECTION('',(0.,0.,1.));
#1460 = ORIENTED_EDGE('',*,*,#1432,.F.);
#1461 = ORIENTED_EDGE('',*,*,#1367,.F.);
#1462 = CYLINDRICAL_SURFACE('',#1463,2.E-02);
#1463 = AXIS2_PLACEMENT_3D('',#1464,#1465,#1466);
#1464 = CARTESIAN_POINT('',(-0.3,0.21,4.E-02));
#1465 = DIRECTION('',(1.,0.,0.));
#1466 = DIRECTION('',(-0.,1.,0.));
#1467 = ADVANCED_FACE('',(#1468),#1486,.T.);
#1468 = FACE_BOUND('',#1469,.T.);
#1469 = EDGE_LOOP('',(#1470,#1478,#1479,#1480));
#1470 = ORIENTED_EDGE('',*,*,#1471,.F.);
#1471 = EDGE_CURVE('',#1447,#1472,#1474,.T.);
#1472 = VERTEX_POINT('',#1473);
#1473 = CARTESIAN_POINT('',(0.3,0.23,0.46));
#1474 = LINE('',#1475,#1476);
#1475 = CARTESIAN_POINT('',(0.3,0.23,2.E-02));
#1476 = VECTOR('',#1477,1.);
#1477 = DIRECTION('',(0.,0.,1.));
#1478 = ORIENTED_EDGE('',*,*,#1446,.F.);
#1479 = ORIENTED_EDGE('',*,*,#1359,.T.);
#1480 = ORIENTED_EDGE('',*,*,#1481,.T.);
#1481 = EDGE_CURVE('',#1351,#1472,#1482,.T.);
#1482 = LINE('',#1483,#1484);
#1483 = CARTESIAN_POINT('',(-0.3,0.23,0.46));
#1484 = VECTOR('',#1485,1.);
#1485 = DIRECTION('',(1.,0.,0.));
#1486 = PLANE('',#1487);
#1487 = AXIS2_PLACEMENT_3D('',#1488,#1489,#1490);
#1488 = CARTESIAN_POINT('',(-0.3,0.23,2.E-02));
#1489 = DIRECTION('',(0.,1.,0.));
#1490 = DIRECTION('',(0.,-0.,1.));
#1491 = ADVANCED_FACE('',(#1492),#1511,.T.);
#1492 = FACE_BOUND('',#1493,.T.);
#1493 = EDGE_LOOP('',(#1494,#1495,#1503,#1510));
#1494 = ORIENTED_EDGE('',*,*,#1350,.T.);
#1495 = ORIENTED_EDGE('',*,*,#1496,.T.);
#1496 = EDGE_CURVE('',#1343,#1497,#1499,.T.);
#1497 = VERTEX_POINT('',#1498);
#1498 = CARTESIAN_POINT('',(0.3,0.21,0.48));
#1499 = LINE('',#1500,#1501);
#1500 = CARTESIAN_POINT('',(-0.3,0.21,0.48));
#1501 = VECTOR('',#1502,1.);
#1502 = DIRECTION('',(1.,0.,0.));
#1503 = ORIENTED_EDGE('',*,*,#1504,.F.);
#1504 = EDGE_CURVE('',#1472,#1497,#1505,.T.);
#1505 = CIRCLE('',#1506,2.E-02);
#1506 = AXIS2_PLACEMENT_3D('',#1507,#1508,#1509);
#1507 = CARTESIAN_POINT('',(0.3,0.21,0.46));
#1508 = DIRECTION('',(1.,0.,-0.));
#1509 = DIRECTION('',(0.,0.,1.));
#1510 = ORIENTED_EDGE('',*,*,#1481,.F.);
#1511 = CYLINDRICAL_SURFACE('',#1512,2.E-02);
#1512 = AXIS2_PLACEMENT_3D('',#1513,#1514,#1515);
#1513 = CARTESIAN_POINT('',(-0.3,0.21,0.46));
#1514 = DIRECTION('',(1.,0.,0.));
#1515 = DIRECTION('',(-0.,1.,0.));
#1516 = ADVANCED_FACE('',(#1517),#1535,.T.);
#1517 = FACE_BOUND('',#1518,.T.);
#1518 = EDGE_LOOP('',(#1519,#1520,#1528,#1534));
#1519 = ORIENTED_EDGE('',*,*,#1342,.F.);
#1520 = ORIENTED_EDGE('',*,*,#1521,.T.);
#1521 = EDGE_CURVE('',#1334,#1522,#1524,.T.);
#1522 = VERTEX_POINT('',#1523);
#1523 = CARTESIAN_POINT('',(0.3,-0.21,0.48));
#1524 = LINE('',#1525,#1526);
#1525 = CARTESIAN_POINT('',(-0.3,-0.21,0.48));
#1526 = VECTOR('',#1527,1.);
#1527 = DIRECTION('',(1.,0.,0.));
#1528 = ORIENTED_EDGE('',*,*,#1529,.T.);
#1529 = EDGE_CURVE('',#1522,#1497,#1530,.T.);
#1530 = LINE('',#1531,#1532);
#1531 = CARTESIAN_POINT('',(0.3,-0.23,0.48));
#1532 = VECTOR('',#1533,1.);
#1533 = DIRECTION('',(0.,1.,0.));
#1534 = ORIENTED_EDGE('',*,*,#1496,.F.);
#1535 = PLANE('',#1536);
#1536 = AXIS2_PLACEMENT_3D('',#1537,#1538,#1539);
#1537 = CARTESIAN_POINT('',(-0.3,-0.23,0.48));
#1538 = DIRECTION('',(0.,0.,1.));
#1539 = DIRECTION('',(1.,0.,-0.));
#1540 = ADVANCED_FACE('',(#1541),#1560,.T.);
#1541 = FACE_BOUND('',#1542,.T.);
#1542 = EDGE_LOOP('',(#1543,#1551,#1558,#1559));
#1543 = ORIENTED_EDGE('',*,*,#1544,.T.);
#1544 = EDGE_CURVE('',#1326,#1545,#1547,.T.);
#1545 = VERTEX_POINT('',#1546);
#1546 = CARTESIAN_POINT('',(0.3,-0.23,0.46));
#1547 = LINE('',#1548,#1549);
#1548 = CARTESIAN_POINT('',(-0.3,-0.23,0.46));
#1549 = VECTOR('',#1550,1.);
#1550 = DIRECTION('',(1.,0.,0.));
#1551 = ORIENTED_EDGE('',*,*,#1552,.T.);
#1552 = EDGE_CURVE('',#1545,#1522,#1553,.T.);
#1553 = CIRCLE('',#1554,2.E-02);
#1554 = AXIS2_PLACEMENT_3D('',#1555,#1556,#1557);
#1555 = CARTESIAN_POINT('',(0.3,-0.21,0.46));
#1556 = DIRECTION('',(-1.,0.,0.));
#1557 = DIRECTION('',(0.,0.,1.));
#1558 = ORIENTED_EDGE('',*,*,#1521,.F.);
#1559 = ORIENTED_EDGE('',*,*,#1333,.F.);
#1560 = CYLINDRICAL_SURFACE('',#1561,2.E-02);
#1561 = AXIS2_PLACEMENT_3D('',#1562,#1563,#1564);
#1562 = CARTESIAN_POINT('',(-0.3,-0.21,0.46));
#1563 = DIRECTION('',(1.,0.,0.));
#1564 = DIRECTION('',(0.,-1.,0.));
#1565 = ADVANCED_FACE('',(#1566),#1577,.F.);
#1566 = FACE_BOUND('',#1567,.F.);
#1567 = EDGE_LOOP('',(#1568,#1574,#1575,#1576));
#1568 = ORIENTED_EDGE('',*,*,#1569,.F.);
#1569 = EDGE_CURVE('',#1400,#1545,#1570,.T.);
#1570 = LINE('',#1571,#1572);
#1571 = CARTESIAN_POINT('',(0.3,-0.23,2.E-02));
#1572 = VECTOR('',#1573,1.);
#1573 = DIRECTION('',(0.,0.,1.));
#1574 = ORIENTED_EDGE('',*,*,#1408,.F.);
#1575 = ORIENTED_EDGE('',*,*,#1325,.T.);
#1576 = ORIENTED_EDGE('',*,*,#1544,.T.);
#1577 = PLANE('',#1578);
#1578 = AXIS2_PLACEMENT_3D('',#1579,#1580,#1581);
#1579 = CARTESIAN_POINT('',(-0.3,-0.23,2.E-02));
#1580 = DIRECTION('',(0.,1.,0.));
#1581 = DIRECTION('',(0.,-0.,1.));
#1582 = ADVANCED_FACE('',(#1583,#1653),#1663,.F.);
#1583 = FACE_BOUND('',#1584,.F.);
#1584 = EDGE_LOOP('',(#1585,#1595,#1604,#1612,#1621,#1629,#1638,#1646));
#1585 = ORIENTED_EDGE('',*,*,#1586,.F.);
#1586 = EDGE_CURVE('',#1587,#1589,#1591,.T.);
#1587 = VERTEX_POINT('',#1588);
#1588 = CARTESIAN_POINT('',(0.3,-0.25,2.E-02));
#1589 = VERTEX_POINT('',#1590);
#1590 = CARTESIAN_POINT('',(0.3,-0.25,0.48));
#1591 = LINE('',#1592,#1593);
#1592 = CARTESIAN_POINT('',(0.3,-0.25,0.));
#1593 = VECTOR('',#1594,1.);
#1594 = DIRECTION('',(0.,0.,1.));
#1595 = ORIENTED_EDGE('',*,*,#1596,.T.);
#1596 = EDGE_CURVE('',#1587,#1597,#1599,.T.);
#1597 = VERTEX_POINT('',#1598);
#1598 = CARTESIAN_POINT('',(0.3,-0.23,0.));
#1599 = CIRCLE('',#1600,2.E-02);
#1600 = AXIS2_PLACEMENT_3D('',#1601,#1602,#1603);
#1601 = CARTESIAN_POINT('',(0.3,-0.23,2.E-02));
#1602 = DIRECTION('',(1.,0.,-0.));
#1603 = DIRECTION('',(0.,0.,1.));
#1604 = ORIENTED_EDGE('',*,*,#1605,.T.);
#1605 = EDGE_CURVE('',#1597,#1606,#1608,.T.);
#1606 = VERTEX_POINT('',#1607);
#1607 = CARTESIAN_POINT('',(0.3,0.23,0.));
#1608 = LINE('',#1609,#1610);
#1609 = CARTESIAN_POINT('',(0.3,-0.25,0.));
#1610 = VECTOR('',#1611,1.);
#1611 = DIRECTION('',(0.,1.,0.));
#1612 = ORIENTED_EDGE('',*,*,#1613,.F.);
#1613 = EDGE_CURVE('',#1614,#1606,#1616,.T.);
#1614 = VERTEX_POINT('',#1615);
#1615 = CARTESIAN_POINT('',(0.3,0.25,2.E-02));
#1616 = CIRCLE('',#1617,2.E-02);
#1617 = AXIS2_PLACEMENT_3D('',#1618,#1619,#1620);
#1618 = CARTESIAN_POINT('',(0.3,0.23,2.E-02));
#1619 = DIRECTION('',(-1.,0.,0.));
#1620 = DIRECTION('',(0.,0.,1.));
#1621 = ORIENTED_EDGE('',*,*,#1622,.T.);
#1622 = EDGE_CURVE('',#1614,#1623,#1625,.T.);
#1623 = VERTEX_POINT('',#1624);
#1624 = CARTESIAN_POINT('',(0.3,0.25,0.48));
#1625 = LINE('',#1626,#1627);
#1626 = CARTESIAN_POINT('',(0.3,0.25,0.));
#1627 = VECTOR('',#1628,1.);
#1628 = DIRECTION('',(0.,0.,1.));
#1629 = ORIENTED_EDGE('',*,*,#1630,.T.);
#1630 = EDGE_CURVE('',#1623,#1631,#1633,.T.);
#1631 = VERTEX_POINT('',#1632);
#1632 = CARTESIAN_POINT('',(0.3,0.23,0.5));
#1633 = CIRCLE('',#1634,2.E-02);
#1634 = AXIS2_PLACEMENT_3D('',#1635,#1636,#1637);
#1635 = CARTESIAN_POINT('',(0.3,0.23,0.48));
#1636 = DIRECTION('',(1.,0.,-0.));
#1637 = DIRECTION('',(0.,0.,1.));
#1638 = ORIENTED_EDGE('',*,*,#1639,.F.);
#1639 = EDGE_CURVE('',#1640,#1631,#1642,.T.);
#1640 = VERTEX_POINT('',#1641);
#1641 = CARTESIAN_POINT('',(0.3,-0.23,0.5));
#1642 = LINE('',#1643,#1644);
#1643 = CARTESIAN_POINT('',(0.3,-0.25,0.5));
#1644 = VECTOR('',#1645,1.);
#1645 = DIRECTION('',(0.,1.,0.));
#1646 = ORIENTED_EDGE('',*,*,#1647,.F.);
#1647 = EDGE_CURVE('',#1589,#1640,#1648,.T.);
#1648 = CIRCLE('',#1649,2.E-02);
#1649 = AXIS2_PLACEMENT_3D('',#1650,#1651,#1652);
#1650 = CARTESIAN_POINT('',(0.3,-0.23,0.48));
#1651 = DIRECTION('',(-1.,0.,0.));
#1652 = DIRECTION('',(0.,0.,1.));
#1653 = FACE_BOUND('',#1654,.F.);
#1654 = EDGE_LOOP('',(#1655,#1656,#1657,#1658,#1659,#1660,#1661,#1662));
#1655 = ORIENTED_EDGE('',*,*,#1399,.F.);
#1656 = ORIENTED_EDGE('',*,*,#1569,.T.);
#1657 = ORIENTED_EDGE('',*,*,#1552,.T.);
#1658 = ORIENTED_EDGE('',*,*,#1529,.T.);
#1659 = ORIENTED_EDGE('',*,*,#1504,.F.);
#1660 = ORIENTED_EDGE('',*,*,#1471,.F.);
#1661 = ORIENTED_EDGE('',*,*,#1454,.T.);
#1662 = ORIENTED_EDGE('',*,*,#1424,.F.);
#1663 = PLANE('',#1664);
#1664 = AXIS2_PLACEMENT_3D('',#1665,#1666,#1667);
#1665 = CARTESIAN_POINT('',(0.3,-0.25,0.));
#1666 = DIRECTION('',(1.,0.,0.));
#1667 = DIRECTION('',(0.,0.,1.));
#1668 = ADVANCED_FACE('',(#1669),#1694,.F.);
#1669 = FACE_BOUND('',#1670,.F.);
#1670 = EDGE_LOOP('',(#1671,#1681,#1687,#1688));
#1671 = ORIENTED_EDGE('',*,*,#1672,.F.);
#1672 = EDGE_CURVE('',#1673,#1675,#1677,.T.);
#1673 = VERTEX_POINT('',#1674);
#1674 = CARTESIAN_POINT('',(0.5,-0.25,2.E-02));
#1675 = VERTEX_POINT('',#1676);
#1676 = CARTESIAN_POINT('',(0.5,-0.25,0.48));
#1677 = LINE('',#1678,#1679);
#1678 = CARTESIAN_POINT('',(0.5,-0.25,0.));
#1679 = VECTOR('',#1680,1.);
#1680 = DIRECTION('',(0.,0.,1.));
#1681 = ORIENTED_EDGE('',*,*,#1682,.F.);
#1682 = EDGE_CURVE('',#1587,#1673,#1683,.T.);
#1683 = LINE('',#1684,#1685);
#1684 = CARTESIAN_POINT('',(0.3,-0.25,2.E-02));
#1685 = VECTOR('',#1686,1.);
#1686 = DIRECTION('',(1.,0.,0.));
#1687 = ORIENTED_EDGE('',*,*,#1586,.T.);
#1688 = ORIENTED_EDGE('',*,*,#1689,.T.);
#1689 = EDGE_CURVE('',#1589,#1675,#1690,.T.);
#1690 = LINE('',#1691,#1692);
#1691 = CARTESIAN_POINT('',(0.3,-0.25,0.48));
#1692 = VECTOR('',#1693,1.);
#1693 = DIRECTION('',(1.,0.,0.));
#1694 = PLANE('',#1695);
#1695 = AXIS2_PLACEMENT_3D('',#1696,#1697,#1698);
#1696 = CARTESIAN_POINT('',(0.3,-0.25,0.));
#1697 = DIRECTION('',(0.,1.,0.));
#1698 = DIRECTION('',(0.,-0.,1.));
#1699 = ADVANCED_FACE('',(#1700),#1719,.T.);
#1700 = FACE_BOUND('',#1701,.T.);
#1701 = EDGE_LOOP('',(#1702,#1703,#1711,#1718));
#1702 = ORIENTED_EDGE('',*,*,#1596,.T.);
#1703 = ORIENTED_EDGE('',*,*,#1704,.T.);
#1704 = EDGE_CURVE('',#1597,#1705,#1707,.T.);
#1705 = VERTEX_POINT('',#1706);
#1706 = CARTESIAN_POINT('',(0.5,-0.23,0.));
#1707 = LINE('',#1708,#1709);
#1708 = CARTESIAN_POINT('',(0.3,-0.23,0.));
#1709 = VECTOR('',#1710,1.);
#1710 = DIRECTION('',(1.,0.,0.));
#1711 = ORIENTED_EDGE('',*,*,#1712,.F.);
#1712 = EDGE_CURVE('',#1673,#1705,#1713,.T.);
#1713 = CIRCLE('',#1714,2.E-02);
#1714 = AXIS2_PLACEMENT_3D('',#1715,#1716,#1717);
#1715 = CARTESIAN_POINT('',(0.5,-0.23,2.E-02));
#1716 = DIRECTION('',(1.,0.,-0.));
#1717 = DIRECTION('',(0.,0.,1.));
#1718 = ORIENTED_EDGE('',*,*,#1682,.F.);
#1719 = CYLINDRICAL_SURFACE('',#1720,2.E-02);
#1720 = AXIS2_PLACEMENT_3D('',#1721,#1722,#1723);
#1721 = CARTESIAN_POINT('',(0.3,-0.23,2.E-02));
#1722 = DIRECTION('',(1.,0.,0.));
#1723 = DIRECTION('',(0.,-1.,0.));
#1724 = ADVANCED_FACE('',(#1725),#1744,.T.);
#1725 = FACE_BOUND('',#1726,.T.);
#1726 = EDGE_LOOP('',(#1727,#1728,#1737,#1743));
#1727 = ORIENTED_EDGE('',*,*,#1689,.T.);
#1728 = ORIENTED_EDGE('',*,*,#1729,.T.);
#1729 = EDGE_CURVE('',#1675,#1730,#1732,.T.);
#1730 = VERTEX_POINT('',#1731);
#1731 = CARTESIAN_POINT('',(0.5,-0.23,0.5));
#1732 = CIRCLE('',#1733,2.E-02);
#1733 = AXIS2_PLACEMENT_3D('',#1734,#1735,#1736);
#1734 = CARTESIAN_POINT('',(0.5,-0.23,0.48));
#1735 = DIRECTION('',(-1.,0.,0.));
#1736 = DIRECTION('',(0.,0.,1.));
#1737 = ORIENTED_EDGE('',*,*,#1738,.F.);
#1738 = EDGE_CURVE('',#1640,#1730,#1739,.T.);
#1739 = LINE('',#1740,#1741);
#1740 = CARTESIAN_POINT('',(0.3,-0.23,0.5));
#1741 = VECTOR('',#1742,1.);
#1742 = DIRECTION('',(1.,0.,0.));
#1743 = ORIENTED_EDGE('',*,*,#1647,.F.);
#1744 = CYLINDRICAL_SURFACE('',#1745,2.E-02);
#1745 = AXIS2_PLACEMENT_3D('',#1746,#1747,#1748);
#1746 = CARTESIAN_POINT('',(0.3,-0.23,0.48));
#1747 = DIRECTION('',(1.,0.,0.));
#1748 = DIRECTION('',(0.,-1.,0.));
#1749 = ADVANCED_FACE('',(#1750),#1768,.F.);
#1750 = FACE_BOUND('',#1751,.F.);
#1751 = EDGE_LOOP('',(#1752,#1753,#1754,#1762));
#1752 = ORIENTED_EDGE('',*,*,#1605,.F.);
#1753 = ORIENTED_EDGE('',*,*,#1704,.T.);
#1754 = ORIENTED_EDGE('',*,*,#1755,.T.);
#1755 = EDGE_CURVE('',#1705,#1756,#1758,.T.);
#1756 = VERTEX_POINT('',#1757);
#1757 = CARTESIAN_POINT('',(0.5,0.23,0.));
#1758 = LINE('',#1759,#1760);
#1759 = CARTESIAN_POINT('',(0.5,-0.25,0.));
#1760 = VECTOR('',#1761,1.);
#1761 = DIRECTION('',(0.,1.,0.));
#1762 = ORIENTED_EDGE('',*,*,#1763,.F.);
#1763 = EDGE_CURVE('',#1606,#1756,#1764,.T.);
#1764 = LINE('',#1765,#1766);
#1765 = CARTESIAN_POINT('',(0.3,0.23,0.));
#1766 = VECTOR('',#1767,1.);
#1767 = DIRECTION('',(1.,0.,0.));
#1768 = PLANE('',#1769);
#1769 = AXIS2_PLACEMENT_3D('',#1770,#1771,#1772);
#1770 = CARTESIAN_POINT('',(0.3,-0.25,0.));
#1771 = DIRECTION('',(0.,0.,1.));
#1772 = DIRECTION('',(1.,0.,-0.));
#1773 = ADVANCED_FACE('',(#1774),#1792,.T.);
#1774 = FACE_BOUND('',#1775,.T.);
#1775 = EDGE_LOOP('',(#1776,#1777,#1778,#1786));
#1776 = ORIENTED_EDGE('',*,*,#1639,.F.);
#1777 = ORIENTED_EDGE('',*,*,#1738,.T.);
#1778 = ORIENTED_EDGE('',*,*,#1779,.T.);
#1779 = EDGE_CURVE('',#1730,#1780,#1782,.T.);
#1780 = VERTEX_POINT('',#1781);
#1781 = CARTESIAN_POINT('',(0.5,0.23,0.5));
#1782 = LINE('',#1783,#1784);
#1783 = CARTESIAN_POINT('',(0.5,-0.25,0.5));
#1784 = VECTOR('',#1785,1.);
#1785 = DIRECTION('',(0.,1.,0.));
#1786 = ORIENTED_EDGE('',*,*,#1787,.F.);
#1787 = EDGE_CURVE('',#1631,#1780,#1788,.T.);
#1788 = LINE('',#1789,#1790);
#1789 = CARTESIAN_POINT('',(0.3,0.23,0.5));
#1790 = VECTOR('',#1791,1.);
#1791 = DIRECTION('',(1.,0.,0.));
#1792 = PLANE('',#1793);
#1793 = AXIS2_PLACEMENT_3D('',#1794,#1795,#1796);
#1794 = CARTESIAN_POINT('',(0.3,-0.25,0.5));
#1795 = DIRECTION('',(0.,0.,1.));
#1796 = DIRECTION('',(1.,0.,-0.));
#1797 = ADVANCED_FACE('',(#1798),#1817,.T.);
#1798 = FACE_BOUND('',#1799,.T.);
#1799 = EDGE_LOOP('',(#1800,#1808,#1815,#1816));
#1800 = ORIENTED_EDGE('',*,*,#1801,.T.);
#1801 = EDGE_CURVE('',#1614,#1802,#1804,.T.);
#1802 = VERTEX_POINT('',#1803);
#1803 = CARTESIAN_POINT('',(0.5,0.25,2.E-02));
#1804 = LINE('',#1805,#1806);
#1805 = CARTESIAN_POINT('',(0.3,0.25,2.E-02));
#1806 = VECTOR('',#1807,1.);
#1807 = DIRECTION('',(1.,0.,0.));
#1808 = ORIENTED_EDGE('',*,*,#1809,.T.);
#1809 = EDGE_CURVE('',#1802,#1756,#1810,.T.);
#1810 = CIRCLE('',#1811,2.E-02);
#1811 = AXIS2_PLACEMENT_3D('',#1812,#1813,#1814);
#1812 = CARTESIAN_POINT('',(0.5,0.23,2.E-02));
#1813 = DIRECTION('',(-1.,0.,0.));
#1814 = DIRECTION('',(0.,0.,1.));
#1815 = ORIENTED_EDGE('',*,*,#1763,.F.);
#1816 = ORIENTED_EDGE('',*,*,#1613,.F.);
#1817 = CYLINDRICAL_SURFACE('',#1818,2.E-02);
#1818 = AXIS2_PLACEMENT_3D('',#1819,#1820,#1821);
#1819 = CARTESIAN_POINT('',(0.3,0.23,2.E-02));
#1820 = DIRECTION('',(1.,0.,0.));
#1821 = DIRECTION('',(-0.,1.,0.));
#1822 = ADVANCED_FACE('',(#1823),#1842,.T.);
#1823 = FACE_BOUND('',#1824,.T.);
#1824 = EDGE_LOOP('',(#1825,#1826,#1827,#1836));
#1825 = ORIENTED_EDGE('',*,*,#1630,.T.);
#1826 = ORIENTED_EDGE('',*,*,#1787,.T.);
#1827 = ORIENTED_EDGE('',*,*,#1828,.F.);
#1828 = EDGE_CURVE('',#1829,#1780,#1831,.T.);
#1829 = VERTEX_POINT('',#1830);
#1830 = CARTESIAN_POINT('',(0.5,0.25,0.48));
#1831 = CIRCLE('',#1832,2.E-02);
#1832 = AXIS2_PLACEMENT_3D('',#1833,#1834,#1835);
#1833 = CARTESIAN_POINT('',(0.5,0.23,0.48));
#1834 = DIRECTION('',(1.,0.,-0.));
#1835 = DIRECTION('',(0.,0.,1.));
#1836 = ORIENTED_EDGE('',*,*,#1837,.F.);
#1837 = EDGE_CURVE('',#1623,#1829,#1838,.T.);
#1838 = LINE('',#1839,#1840);
#1839 = CARTESIAN_POINT('',(0.3,0.25,0.48));
#1840 = VECTOR('',#1841,1.);
#1841 = DIRECTION('',(1.,0.,0.));
#1842 = CYLINDRICAL_SURFACE('',#1843,2.E-02);
#1843 = AXIS2_PLACEMENT_3D('',#1844,#1845,#1846);
#1844 = CARTESIAN_POINT('',(0.3,0.23,0.48));
#1845 = DIRECTION('',(1.,0.,0.));
#1846 = DIRECTION('',(-0.,1.,0.));
#1847 = ADVANCED_FACE('',(#1848),#1859,.T.);
#1848 = FACE_BOUND('',#1849,.T.);
#1849 = EDGE_LOOP('',(#1850,#1856,#1857,#1858));
#1850 = ORIENTED_EDGE('',*,*,#1851,.F.);
#1851 = EDGE_CURVE('',#1802,#1829,#1852,.T.);
#1852 = LINE('',#1853,#1854);
#1853 = CARTESIAN_POINT('',(0.5,0.25,0.));
#1854 = VECTOR('',#1855,1.);
#1855 = DIRECTION('',(0.,0.,1.));
#1856 = ORIENTED_EDGE('',*,*,#1801,.F.);
#1857 = ORIENTED_EDGE('',*,*,#1622,.T.);
#1858 = ORIENTED_EDGE('',*,*,#1837,.T.);
#1859 = PLANE('',#1860);
#1860 = AXIS2_PLACEMENT_3D('',#1861,#1862,#1863);
#1861 = CARTESIAN_POINT('',(0.3,0.25,0.));
#1862 = DIRECTION('',(0.,1.,0.));
#1863 = DIRECTION('',(0.,-0.,1.));
#1864 = ADVANCED_FACE('',(#1865),#1875,.T.);
#1865 = FACE_BOUND('',#1866,.T.);
#1866 = EDGE_LOOP('',(#1867,#1868,#1869,#1870,#1871,#1872,#1873,#1874));
#1867 = ORIENTED_EDGE('',*,*,#1672,.F.);
#1868 = ORIENTED_EDGE('',*,*,#1712,.T.);
#1869 = ORIENTED_EDGE('',*,*,#1755,.T.);
#1870 = ORIENTED_EDGE('',*,*,#1809,.F.);
#1871 = ORIENTED_EDGE('',*,*,#1851,.T.);
#1872 = ORIENTED_EDGE('',*,*,#1828,.T.);
#1873 = ORIENTED_EDGE('',*,*,#1779,.F.);
#1874 = ORIENTED_EDGE('',*,*,#1729,.F.);
#1875 = PLANE('',#1876);
#1876 = AXIS2_PLACEMENT_3D('',#1877,#1878,#1879);
#1877 = CARTESIAN_POINT('',(0.5,-0.25,0.));
#1878 = DIRECTION('',(1.,0.,0.));
#1879 = DIRECTION('',(0.,0.,1.));
#1880 = ( GEOMETRIC_REPRESENTATION_CONTEXT(3) 
GLOBAL_UNCERTAINTY_ASSIGNED_CONTEXT((#1884)) 
GLOBAL_UNIT_ASSIGNED_CONTEXT((#1881,#1882,#1883)) REPRESENTATION_CONTEXT
('Context #1','3D Context with UNIT and UNCERTAINTY') );
#1881 = ( LENGTH_UNIT() NAMED_UNIT(*) SI_UNIT(.MILLI.,.METRE.) );
#1882 = ( NAMED_UNIT(*) PLANE_ANGLE_UNIT() SI_UNIT($,.RADIAN.) );
#1883 = ( NAMED_UNIT(*) SI_UNIT($,.STERADIAN.) SOLID_ANGLE_UNIT() );
#1884 = UNCERTAINTY_MEASURE_WITH_UNIT(LENGTH_MEASURE(1.E-07),#1881,
  'distance_accuracy_value','confusion accuracy');
#1885 = CONTEXT_DEPENDENT_SHAPE_REPRESENTATION(#1886,#1888);
#1886 = ( REPRESENTATION_RELATIONSHIP('','',#1025,#10) 
REPRESENTATION_RELATIONSHIP_WITH_TRANSFORMATION(#1887) 
SHAPE_REPRESENTATION_RELATIONSHIP() );
#1887 = ITEM_DEFINED_TRANSFORMATION('','',#11,#35);
#1888 = PRODUCT_DEFINITION_SHAPE('Placement','Placement of an item',
  #1889);
#1889 = NEXT_ASSEMBLY_USAGE_OCCURRENCE('6','C2','',#5,#1020,$);
#1890 = PRODUCT_RELATED_PRODUCT_CATEGORY('part',$,(#1022));
#1891 = CONTEXT_DEPENDENT_SHAPE_REPRESENTATION(#1892,#1894);
#1892 = ( REPRESENTATION_RELATIONSHIP('','',#132,#10) 
REPRESENTATION_RELATIONSHIP_WITH_TRANSFORMATION(#1893) 
SHAPE_REPRESENTATION_RELATIONSHIP() );
#1893 = ITEM_DEFINED_TRANSFORMATION('','',#11,#39);
#1894 = PRODUCT_DEFINITION_SHAPE('Placement','Placement of an item',
  #1895);
#1895 = NEXT_ASSEMBLY_USAGE_OCCURRENCE('7','C13','',#5,#127,$);
#1896 = CONTEXT_DEPENDENT_SHAPE_REPRESENTATION(#1897,#1899);
#1897 = ( REPRESENTATION_RELATIONSHIP('','',#132,#10) 
REPRESENTATION_RELATIONSHIP_WITH_TRANSFORMATION(#1898) 
SHAPE_REPRESENTATION_RELATIONSHIP() );
#1898 = ITEM_DEFINED_TRANSFORMATION('','',#11,#43);
#1899 = PRODUCT_DEFINITION_SHAPE('Placement','Placement of an item',
  #1900);
#1900 = NEXT_ASSEMBLY_USAGE_OCCURRENCE('8','C17','',#5,#127,$);
#1901 = CONTEXT_DEPENDENT_SHAPE_REPRESENTATION(#1902,#1904);
#1902 = ( REPRESENTATION_RELATIONSHIP('','',#132,#10) 
REPRESENTATION_RELATIONSHIP_WITH_TRANSFORMATION(#1903) 
SHAPE_REPRESENTATION_RELATIONSHIP() );
#1903 = ITEM_DEFINED_TRANSFORMATION('','',#11,#47);
#1904 = PRODUCT_DEFINITION_SHAPE('Placement','Placement of an item',
  #1905);
#1905 = NEXT_ASSEMBLY_USAGE_OCCURRENCE('9','C10','',#5,#127,$);
#1906 = CONTEXT_DEPENDENT_SHAPE_REPRESENTATION(#1907,#1909);
#1907 = ( REPRESENTATION_RELATIONSHIP('','',#132,#10) 
REPRESENTATION_RELATIONSHIP_WITH_TRANSFORMATION(#1908) 
SHAPE_REPRESENTATION_RELATIONSHIP() );
#1908 = ITEM_DEFINED_TRANSFORMATION('','',#11,#51);
#1909 = PRODUCT_DEFINITION_SHAPE('Placement','Placement of an item',
  #1910);
#1910 = NEXT_ASSEMBLY_USAGE_OCCURRENCE('10','C9','',#5,#127,$);
#1911 = CONTEXT_DEPENDENT_SHAPE_REPRESENTATION(#1912,#1914);
#1912 = ( REPRESENTATION_RELATIONSHIP('','',#132,#10) 
REPRESENTATION_RELATIONSHIP_WITH_TRANSFORMATION(#1913) 
SHAPE_REPRESENTATION_RELATIONSHIP() );
#1913 = ITEM_DEFINED_TRANSFORMATION('','',#11,#55);
#1914 = PRODUCT_DEFINITION_SHAPE('Placement','Placement of an item',
  #1915);
#1915 = NEXT_ASSEMBLY_USAGE_OCCURRENCE('11','C12','',#5,#127,$);
#1916 = CONTEXT_DEPENDENT_SHAPE_REPRESENTATION(#1917,#1919);
#1917 = ( REPRESENTATION_RELATIONSHIP('','',#132,#10) 
REPRESENTATION_RELATIONSHIP_WITH_TRANSFORMATION(#1918) 
SHAPE_REPRESENTATION_RELATIONSHIP() );
#1918 = ITEM_DEFINED_TRANSFORMATION('','',#11,#59);
#1919 = PRODUCT_DEFINITION_SHAPE('Placement','Placement of an item',
  #1920);
#1920 = NEXT_ASSEMBLY_USAGE_OCCURRENCE('12','C7','',#5,#127,$);
#1921 = SHAPE_DEFINITION_REPRESENTATION(#1922,#1928);
#1922 = PRODUCT_DEFINITION_SHAPE('','',#1923);
#1923 = PRODUCT_DEFINITION('design','',#1924,#1927);
#1924 = PRODUCT_DEFINITION_FORMATION('','',#1925);
#1925 = PRODUCT('R_0402_1005Metric','R_0402_1005Metric','',(#1926));
#1926 = PRODUCT_CONTEXT('',#2,'mechanical');
#1927 = PRODUCT_DEFINITION_CONTEXT('part definition',#2,'design');
#1928 = ADVANCED_BREP_SHAPE_REPRESENTATION('',(#11,#1929),#2719);
#1929 = MANIFOLD_SOLID_BREP('',#1930);
#1930 = CLOSED_SHELL('',(#1931,#1971,#2054,#2079,#2104,#2171,#2188,#2205
    ,#2254,#2271,#2288,#2337,#2354,#2423,#2454,#2478,#2547,#2571,#2588,
    #2605,#2622,#2639,#2656,#2673,#2690,#2707));
#1931 = ADVANCED_FACE('',(#1932),#1966,.F.);
#1932 = FACE_BOUND('',#1933,.F.);
#1933 = EDGE_LOOP('',(#1934,#1944,#1952,#1960));
#1934 = ORIENTED_EDGE('',*,*,#1935,.F.);
#1935 = EDGE_CURVE('',#1936,#1938,#1940,.T.);
#1936 = VERTEX_POINT('',#1937);
#1937 = CARTESIAN_POINT('',(-0.5,-0.25,3.5E-02));
#1938 = VERTEX_POINT('',#1939);
#1939 = CARTESIAN_POINT('',(-0.5,-0.25,0.315));
#1940 = LINE('',#1941,#1942);
#1941 = CARTESIAN_POINT('',(-0.5,-0.25,0.));
#1942 = VECTOR('',#1943,1.);
#1943 = DIRECTION('',(0.,0.,1.));
#1944 = ORIENTED_EDGE('',*,*,#1945,.T.);
#1945 = EDGE_CURVE('',#1936,#1946,#1948,.T.);
#1946 = VERTEX_POINT('',#1947);
#1947 = CARTESIAN_POINT('',(-0.5,0.25,3.5E-02));
#1948 = LINE('',#1949,#1950);
#1949 = CARTESIAN_POINT('',(-0.5,-0.25,3.5E-02));
#1950 = VECTOR('',#1951,1.);
#1951 = DIRECTION('',(0.,1.,0.));
#1952 = ORIENTED_EDGE('',*,*,#1953,.T.);
#1953 = EDGE_CURVE('',#1946,#1954,#1956,.T.);
#1954 = VERTEX_POINT('',#1955);
#1955 = CARTESIAN_POINT('',(-0.5,0.25,0.315));
#1956 = LINE('',#1957,#1958);
#1957 = CARTESIAN_POINT('',(-0.5,0.25,0.));
#1958 = VECTOR('',#1959,1.);
#1959 = DIRECTION('',(0.,0.,1.));
#1960 = ORIENTED_EDGE('',*,*,#1961,.F.);
#1961 = EDGE_CURVE('',#1938,#1954,#1962,.T.);
#1962 = LINE('',#1963,#1964);
#1963 = CARTESIAN_POINT('',(-0.5,-0.25,0.315));
#1964 = VECTOR('',#1965,1.);
#1965 = DIRECTION('',(0.,1.,0.));
#1966 = PLANE('',#1967);
#1967 = AXIS2_PLACEMENT_3D('',#1968,#1969,#1970);
#1968 = CARTESIAN_POINT('',(-0.5,-0.25,0.));
#1969 = DIRECTION('',(1.,0.,0.));
#1970 = DIRECTION('',(0.,0.,1.));
#1971 = ADVANCED_FACE('',(#1972),#2049,.F.);
#1972 = FACE_BOUND('',#1973,.F.);
#1973 = EDGE_LOOP('',(#1974,#1984,#1991,#1992,#2001,#2009,#2018,#2026,
    #2034,#2042));
#1974 = ORIENTED_EDGE('',*,*,#1975,.F.);
#1975 = EDGE_CURVE('',#1976,#1978,#1980,.T.);
#1976 = VERTEX_POINT('',#1977);
#1977 = CARTESIAN_POINT('',(-0.465,-0.25,-2.775557561563E-17));
#1978 = VERTEX_POINT('',#1979);
#1979 = CARTESIAN_POINT('',(-0.335,-0.25,-2.775557561563E-17));
#1980 = LINE('',#1981,#1982);
#1981 = CARTESIAN_POINT('',(-0.5,-0.25,0.));
#1982 = VECTOR('',#1983,1.);
#1983 = DIRECTION('',(1.,0.,0.));
#1984 = ORIENTED_EDGE('',*,*,#1985,.F.);
#1985 = EDGE_CURVE('',#1936,#1976,#1986,.T.);
#1986 = CIRCLE('',#1987,3.5E-02);
#1987 = AXIS2_PLACEMENT_3D('',#1988,#1989,#1990);
#1988 = CARTESIAN_POINT('',(-0.465,-0.25,3.5E-02));
#1989 = DIRECTION('',(0.,-1.,0.));
#1990 = DIRECTION('',(0.,0.,1.));
#1991 = ORIENTED_EDGE('',*,*,#1935,.T.);
#1992 = ORIENTED_EDGE('',*,*,#1993,.T.);
#1993 = EDGE_CURVE('',#1938,#1994,#1996,.T.);
#1994 = VERTEX_POINT('',#1995);
#1995 = CARTESIAN_POINT('',(-0.465,-0.25,0.35));
#1996 = CIRCLE('',#1997,3.5E-02);
#1997 = AXIS2_PLACEMENT_3D('',#1998,#1999,#2000);
#1998 = CARTESIAN_POINT('',(-0.465,-0.25,0.315));
#1999 = DIRECTION('',(0.,1.,0.));
#2000 = DIRECTION('',(0.,-0.,1.));
#2001 = ORIENTED_EDGE('',*,*,#2002,.T.);
#2002 = EDGE_CURVE('',#1994,#2003,#2005,.T.);
#2003 = VERTEX_POINT('',#2004);
#2004 = CARTESIAN_POINT('',(-0.335,-0.25,0.35));
#2005 = LINE('',#2006,#2007);
#2006 = CARTESIAN_POINT('',(-0.5,-0.25,0.35));
#2007 = VECTOR('',#2008,1.);
#2008 = DIRECTION('',(1.,0.,0.));
#2009 = ORIENTED_EDGE('',*,*,#2010,.F.);
#2010 = EDGE_CURVE('',#2011,#2003,#2013,.T.);
#2011 = VERTEX_POINT('',#2012);
#2012 = CARTESIAN_POINT('',(-0.3,-0.25,0.315));
#2013 = CIRCLE('',#2014,3.5E-02);
#2014 = AXIS2_PLACEMENT_3D('',#2015,#2016,#2017);
#2015 = CARTESIAN_POINT('',(-0.335,-0.25,0.315));
#2016 = DIRECTION('',(0.,-1.,0.));
#2017 = DIRECTION('',(0.,0.,1.));
#2018 = ORIENTED_EDGE('',*,*,#2019,.F.);
#2019 = EDGE_CURVE('',#2020,#2011,#2022,.T.);
#2020 = VERTEX_POINT('',#2021);
#2021 = CARTESIAN_POINT('',(-0.465,-0.25,0.315));
#2022 = LINE('',#2023,#2024);
#2023 = CARTESIAN_POINT('',(-0.465,-0.25,0.315));
#2024 = VECTOR('',#2025,1.);
#2025 = DIRECTION('',(1.,0.,0.));
#2026 = ORIENTED_EDGE('',*,*,#2027,.F.);
#2027 = EDGE_CURVE('',#2028,#2020,#2030,.T.);
#2028 = VERTEX_POINT('',#2029);
#2029 = CARTESIAN_POINT('',(-0.465,-0.25,3.5E-02));
#2030 = LINE('',#2031,#2032);
#2031 = CARTESIAN_POINT('',(-0.465,-0.25,3.5E-02));
#2032 = VECTOR('',#2033,1.);
#2033 = DIRECTION('',(0.,0.,1.));
#2034 = ORIENTED_EDGE('',*,*,#2035,.T.);
#2035 = EDGE_CURVE('',#2028,#2036,#2038,.T.);
#2036 = VERTEX_POINT('',#2037);
#2037 = CARTESIAN_POINT('',(-0.3,-0.25,3.5E-02));
#2038 = LINE('',#2039,#2040);
#2039 = CARTESIAN_POINT('',(-0.465,-0.25,3.5E-02));
#2040 = VECTOR('',#2041,1.);
#2041 = DIRECTION('',(1.,0.,0.));
#2042 = ORIENTED_EDGE('',*,*,#2043,.T.);
#2043 = EDGE_CURVE('',#2036,#1978,#2044,.T.);
#2044 = CIRCLE('',#2045,3.5E-02);
#2045 = AXIS2_PLACEMENT_3D('',#2046,#2047,#2048);
#2046 = CARTESIAN_POINT('',(-0.335,-0.25,3.5E-02));
#2047 = DIRECTION('',(0.,1.,0.));
#2048 = DIRECTION('',(0.,-0.,1.));
#2049 = PLANE('',#2050);
#2050 = AXIS2_PLACEMENT_3D('',#2051,#2052,#2053);
#2051 = CARTESIAN_POINT('',(-0.5,-0.25,0.));
#2052 = DIRECTION('',(0.,1.,0.));
#2053 = DIRECTION('',(0.,-0.,1.));
#2054 = ADVANCED_FACE('',(#2055),#2074,.T.);
#2055 = FACE_BOUND('',#2056,.T.);
#2056 = EDGE_LOOP('',(#2057,#2058,#2067,#2073));
#2057 = ORIENTED_EDGE('',*,*,#1945,.T.);
#2058 = ORIENTED_EDGE('',*,*,#2059,.T.);
#2059 = EDGE_CURVE('',#1946,#2060,#2062,.T.);
#2060 = VERTEX_POINT('',#2061);
#2061 = CARTESIAN_POINT('',(-0.465,0.25,-2.775557561563E-17));
#2062 = CIRCLE('',#2063,3.5E-02);
#2063 = AXIS2_PLACEMENT_3D('',#2064,#2065,#2066);
#2064 = CARTESIAN_POINT('',(-0.465,0.25,3.5E-02));
#2065 = DIRECTION('',(0.,-1.,0.));
#2066 = DIRECTION('',(0.,0.,1.));
#2067 = ORIENTED_EDGE('',*,*,#2068,.F.);
#2068 = EDGE_CURVE('',#1976,#2060,#2069,.T.);
#2069 = LINE('',#2070,#2071);
#2070 = CARTESIAN_POINT('',(-0.465,-0.25,-2.775557561563E-17));
#2071 = VECTOR('',#2072,1.);
#2072 = DIRECTION('',(0.,1.,0.));
#2073 = ORIENTED_EDGE('',*,*,#1985,.F.);
#2074 = CYLINDRICAL_SURFACE('',#2075,3.5E-02);
#2075 = AXIS2_PLACEMENT_3D('',#2076,#2077,#2078);
#2076 = CARTESIAN_POINT('',(-0.465,-0.25,3.5E-02));
#2077 = DIRECTION('',(0.,1.,0.));
#2078 = DIRECTION('',(-1.,0.,0.));
#2079 = ADVANCED_FACE('',(#2080),#2099,.T.);
#2080 = FACE_BOUND('',#2081,.T.);
#2081 = EDGE_LOOP('',(#2082,#2083,#2091,#2098));
#2082 = ORIENTED_EDGE('',*,*,#1993,.T.);
#2083 = ORIENTED_EDGE('',*,*,#2084,.T.);
#2084 = EDGE_CURVE('',#1994,#2085,#2087,.T.);
#2085 = VERTEX_POINT('',#2086);
#2086 = CARTESIAN_POINT('',(-0.465,0.25,0.35));
#2087 = LINE('',#2088,#2089);
#2088 = CARTESIAN_POINT('',(-0.465,-0.25,0.35));
#2089 = VECTOR('',#2090,1.);
#2090 = DIRECTION('',(0.,1.,0.));
#2091 = ORIENTED_EDGE('',*,*,#2092,.F.);
#2092 = EDGE_CURVE('',#1954,#2085,#2093,.T.);
#2093 = CIRCLE('',#2094,3.5E-02);
#2094 = AXIS2_PLACEMENT_3D('',#2095,#2096,#2097);
#2095 = CARTESIAN_POINT('',(-0.465,0.25,0.315));
#2096 = DIRECTION('',(0.,1.,0.));
#2097 = DIRECTION('',(0.,-0.,1.));
#2098 = ORIENTED_EDGE('',*,*,#1961,.F.);
#2099 = CYLINDRICAL_SURFACE('',#2100,3.5E-02);
#2100 = AXIS2_PLACEMENT_3D('',#2101,#2102,#2103);
#2101 = CARTESIAN_POINT('',(-0.465,-0.25,0.315));
#2102 = DIRECTION('',(0.,1.,0.));
#2103 = DIRECTION('',(-1.,0.,0.));
#2104 = ADVANCED_FACE('',(#2105),#2166,.T.);
#2105 = FACE_BOUND('',#2106,.T.);
#2106 = EDGE_LOOP('',(#2107,#2115,#2116,#2117,#2118,#2126,#2135,#2143,
    #2151,#2159));
#2107 = ORIENTED_EDGE('',*,*,#2108,.F.);
#2108 = EDGE_CURVE('',#2060,#2109,#2111,.T.);
#2109 = VERTEX_POINT('',#2110);
#2110 = CARTESIAN_POINT('',(-0.335,0.25,-2.775557561563E-17));
#2111 = LINE('',#2112,#2113);
#2112 = CARTESIAN_POINT('',(-0.5,0.25,0.));
#2113 = VECTOR('',#2114,1.);
#2114 = DIRECTION('',(1.,0.,0.));
#2115 = ORIENTED_EDGE('',*,*,#2059,.F.);
#2116 = ORIENTED_EDGE('',*,*,#1953,.T.);
#2117 = ORIENTED_EDGE('',*,*,#2092,.T.);
#2118 = ORIENTED_EDGE('',*,*,#2119,.T.);
#2119 = EDGE_CURVE('',#2085,#2120,#2122,.T.);
#2120 = VERTEX_POINT('',#2121);
#2121 = CARTESIAN_POINT('',(-0.335,0.25,0.35));
#2122 = LINE('',#2123,#2124);
#2123 = CARTESIAN_POINT('',(-0.5,0.25,0.35));
#2124 = VECTOR('',#2125,1.);
#2125 = DIRECTION('',(1.,0.,0.));
#2126 = ORIENTED_EDGE('',*,*,#2127,.F.);
#2127 = EDGE_CURVE('',#2128,#2120,#2130,.T.);
#2128 = VERTEX_POINT('',#2129);
#2129 = CARTESIAN_POINT('',(-0.3,0.25,0.315));
#2130 = CIRCLE('',#2131,3.5E-02);
#2131 = AXIS2_PLACEMENT_3D('',#2132,#2133,#2134);
#2132 = CARTESIAN_POINT('',(-0.335,0.25,0.315));
#2133 = DIRECTION('',(0.,-1.,0.));
#2134 = DIRECTION('',(0.,0.,1.));
#2135 = ORIENTED_EDGE('',*,*,#2136,.F.);
#2136 = EDGE_CURVE('',#2137,#2128,#2139,.T.);
#2137 = VERTEX_POINT('',#2138);
#2138 = CARTESIAN_POINT('',(-0.465,0.25,0.315));
#2139 = LINE('',#2140,#2141);
#2140 = CARTESIAN_POINT('',(-0.465,0.25,0.315));
#2141 = VECTOR('',#2142,1.);
#2142 = DIRECTION('',(1.,0.,0.));
#2143 = ORIENTED_EDGE('',*,*,#2144,.F.);
#2144 = EDGE_CURVE('',#2145,#2137,#2147,.T.);
#2145 = VERTEX_POINT('',#2146);
#2146 = CARTESIAN_POINT('',(-0.465,0.25,3.5E-02));
#2147 = LINE('',#2148,#2149);
#2148 = CARTESIAN_POINT('',(-0.465,0.25,3.5E-02));
#2149 = VECTOR('',#2150,1.);
#2150 = DIRECTION('',(0.,0.,1.));
#2151 = ORIENTED_EDGE('',*,*,#2152,.T.);
#2152 = EDGE_CURVE('',#2145,#2153,#2155,.T.);
#2153 = VERTEX_POINT('',#2154);
#2154 = CARTESIAN_POINT('',(-0.3,0.25,3.5E-02));
#2155 = LINE('',#2156,#2157);
#2156 = CARTESIAN_POINT('',(-0.465,0.25,3.5E-02));
#2157 = VECTOR('',#2158,1.);
#2158 = DIRECTION('',(1.,0.,0.));
#2159 = ORIENTED_EDGE('',*,*,#2160,.T.);
#2160 = EDGE_CURVE('',#2153,#2109,#2161,.T.);
#2161 = CIRCLE('',#2162,3.5E-02);
#2162 = AXIS2_PLACEMENT_3D('',#2163,#2164,#2165);
#2163 = CARTESIAN_POINT('',(-0.335,0.25,3.5E-02));
#2164 = DIRECTION('',(0.,1.,0.));
#2165 = DIRECTION('',(0.,-0.,1.));
#2166 = PLANE('',#2167);
#2167 = AXIS2_PLACEMENT_3D('',#2168,#2169,#2170);
#2168 = CARTESIAN_POINT('',(-0.5,0.25,0.));
#2169 = DIRECTION('',(0.,1.,0.));
#2170 = DIRECTION('',(0.,-0.,1.));
#2171 = ADVANCED_FACE('',(#2172),#2183,.F.);
#2172 = FACE_BOUND('',#2173,.F.);
#2173 = EDGE_LOOP('',(#2174,#2175,#2176,#2177));
#2174 = ORIENTED_EDGE('',*,*,#2108,.F.);
#2175 = ORIENTED_EDGE('',*,*,#2068,.F.);
#2176 = ORIENTED_EDGE('',*,*,#1975,.T.);
#2177 = ORIENTED_EDGE('',*,*,#2178,.T.);
#2178 = EDGE_CURVE('',#1978,#2109,#2179,.T.);
#2179 = LINE('',#2180,#2181);
#2180 = CARTESIAN_POINT('',(-0.335,-0.25,-2.775557561563E-17));
#2181 = VECTOR('',#2182,1.);
#2182 = DIRECTION('',(0.,1.,0.));
#2183 = PLANE('',#2184);
#2184 = AXIS2_PLACEMENT_3D('',#2185,#2186,#2187);
#2185 = CARTESIAN_POINT('',(-0.5,-0.25,0.));
#2186 = DIRECTION('',(0.,0.,1.));
#2187 = DIRECTION('',(1.,0.,-0.));
#2188 = ADVANCED_FACE('',(#2189),#2200,.T.);
#2189 = FACE_BOUND('',#2190,.T.);
#2190 = EDGE_LOOP('',(#2191,#2192,#2193,#2194));
#2191 = ORIENTED_EDGE('',*,*,#2043,.T.);
#2192 = ORIENTED_EDGE('',*,*,#2178,.T.);
#2193 = ORIENTED_EDGE('',*,*,#2160,.F.);
#2194 = ORIENTED_EDGE('',*,*,#2195,.F.);
#2195 = EDGE_CURVE('',#2036,#2153,#2196,.T.);
#2196 = LINE('',#2197,#2198);
#2197 = CARTESIAN_POINT('',(-0.3,-0.25,3.5E-02));
#2198 = VECTOR('',#2199,1.);
#2199 = DIRECTION('',(0.,1.,0.));
#2200 = CYLINDRICAL_SURFACE('',#2201,3.5E-02);
#2201 = AXIS2_PLACEMENT_3D('',#2202,#2203,#2204);
#2202 = CARTESIAN_POINT('',(-0.335,-0.25,3.5E-02));
#2203 = DIRECTION('',(0.,1.,0.));
#2204 = DIRECTION('',(1.,0.,0.));
#2205 = ADVANCED_FACE('',(#2206),#2249,.F.);
#2206 = FACE_BOUND('',#2207,.F.);
#2207 = EDGE_LOOP('',(#2208,#2209,#2210,#2211,#2219,#2227,#2235,#2243));
#2208 = ORIENTED_EDGE('',*,*,#2035,.F.);
#2209 = ORIENTED_EDGE('',*,*,#2027,.T.);
#2210 = ORIENTED_EDGE('',*,*,#2019,.T.);
#2211 = ORIENTED_EDGE('',*,*,#2212,.T.);
#2212 = EDGE_CURVE('',#2011,#2213,#2215,.T.);
#2213 = VERTEX_POINT('',#2214);
#2214 = CARTESIAN_POINT('',(0.3,-0.25,0.315));
#2215 = LINE('',#2216,#2217);
#2216 = CARTESIAN_POINT('',(-0.3,-0.25,0.315));
#2217 = VECTOR('',#2218,1.);
#2218 = DIRECTION('',(1.,0.,0.));
#2219 = ORIENTED_EDGE('',*,*,#2220,.T.);
#2220 = EDGE_CURVE('',#2213,#2221,#2223,.T.);
#2221 = VERTEX_POINT('',#2222);
#2222 = CARTESIAN_POINT('',(0.465,-0.25,0.315));
#2223 = LINE('',#2224,#2225);
#2224 = CARTESIAN_POINT('',(-0.465,-0.25,0.315));
#2225 = VECTOR('',#2226,1.);
#2226 = DIRECTION('',(1.,0.,0.));
#2227 = ORIENTED_EDGE('',*,*,#2228,.F.);
#2228 = EDGE_CURVE('',#2229,#2221,#2231,.T.);
#2229 = VERTEX_POINT('',#2230);
#2230 = CARTESIAN_POINT('',(0.465,-0.25,3.5E-02));
#2231 = LINE('',#2232,#2233);
#2232 = CARTESIAN_POINT('',(0.465,-0.25,3.5E-02));
#2233 = VECTOR('',#2234,1.);
#2234 = DIRECTION('',(0.,0.,1.));
#2235 = ORIENTED_EDGE('',*,*,#2236,.F.);
#2236 = EDGE_CURVE('',#2237,#2229,#2239,.T.);
#2237 = VERTEX_POINT('',#2238);
#2238 = CARTESIAN_POINT('',(0.3,-0.25,3.5E-02));
#2239 = LINE('',#2240,#2241);
#2240 = CARTESIAN_POINT('',(-0.465,-0.25,3.5E-02));
#2241 = VECTOR('',#2242,1.);
#2242 = DIRECTION('',(1.,0.,0.));
#2243 = ORIENTED_EDGE('',*,*,#2244,.F.);
#2244 = EDGE_CURVE('',#2036,#2237,#2245,.T.);
#2245 = LINE('',#2246,#2247);
#2246 = CARTESIAN_POINT('',(-0.465,-0.25,3.5E-02));
#2247 = VECTOR('',#2248,1.);
#2248 = DIRECTION('',(1.,0.,0.));
#2249 = PLANE('',#2250);
#2250 = AXIS2_PLACEMENT_3D('',#2251,#2252,#2253);
#2251 = CARTESIAN_POINT('',(-0.465,-0.25,3.5E-02));
#2252 = DIRECTION('',(0.,1.,0.));
#2253 = DIRECTION('',(0.,-0.,1.));
#2254 = ADVANCED_FACE('',(#2255),#2266,.T.);
#2255 = FACE_BOUND('',#2256,.T.);
#2256 = EDGE_LOOP('',(#2257,#2258,#2259,#2260));
#2257 = ORIENTED_EDGE('',*,*,#2119,.F.);
#2258 = ORIENTED_EDGE('',*,*,#2084,.F.);
#2259 = ORIENTED_EDGE('',*,*,#2002,.T.);
#2260 = ORIENTED_EDGE('',*,*,#2261,.T.);
#2261 = EDGE_CURVE('',#2003,#2120,#2262,.T.);
#2262 = LINE('',#2263,#2264);
#2263 = CARTESIAN_POINT('',(-0.335,-0.25,0.35));
#2264 = VECTOR('',#2265,1.);
#2265 = DIRECTION('',(0.,1.,0.));
#2266 = PLANE('',#2267);
#2267 = AXIS2_PLACEMENT_3D('',#2268,#2269,#2270);
#2268 = CARTESIAN_POINT('',(-0.5,-0.25,0.35));
#2269 = DIRECTION('',(0.,0.,1.));
#2270 = DIRECTION('',(1.,0.,-0.));
#2271 = ADVANCED_FACE('',(#2272),#2283,.T.);
#2272 = FACE_BOUND('',#2273,.T.);
#2273 = EDGE_LOOP('',(#2274,#2280,#2281,#2282));
#2274 = ORIENTED_EDGE('',*,*,#2275,.T.);
#2275 = EDGE_CURVE('',#2011,#2128,#2276,.T.);
#2276 = LINE('',#2277,#2278);
#2277 = CARTESIAN_POINT('',(-0.3,-0.25,0.315));
#2278 = VECTOR('',#2279,1.);
#2279 = DIRECTION('',(0.,1.,0.));
#2280 = ORIENTED_EDGE('',*,*,#2127,.T.);
#2281 = ORIENTED_EDGE('',*,*,#2261,.F.);
#2282 = ORIENTED_EDGE('',*,*,#2010,.F.);
#2283 = CYLINDRICAL_SURFACE('',#2284,3.5E-02);
#2284 = AXIS2_PLACEMENT_3D('',#2285,#2286,#2287);
#2285 = CARTESIAN_POINT('',(-0.335,-0.25,0.315));
#2286 = DIRECTION('',(0.,1.,0.));
#2287 = DIRECTION('',(1.,0.,0.));
#2288 = ADVANCED_FACE('',(#2289),#2332,.T.);
#2289 = FACE_BOUND('',#2290,.T.);
#2290 = EDGE_LOOP('',(#2291,#2292,#2293,#2294,#2302,#2310,#2318,#2326));
#2291 = ORIENTED_EDGE('',*,*,#2152,.F.);
#2292 = ORIENTED_EDGE('',*,*,#2144,.T.);
#2293 = ORIENTED_EDGE('',*,*,#2136,.T.);
#2294 = ORIENTED_EDGE('',*,*,#2295,.T.);
#2295 = EDGE_CURVE('',#2128,#2296,#2298,.T.);
#2296 = VERTEX_POINT('',#2297);
#2297 = CARTESIAN_POINT('',(0.3,0.25,0.315));
#2298 = LINE('',#2299,#2300);
#2299 = CARTESIAN_POINT('',(-0.3,0.25,0.315));
#2300 = VECTOR('',#2301,1.);
#2301 = DIRECTION('',(1.,0.,0.));
#2302 = ORIENTED_EDGE('',*,*,#2303,.T.);
#2303 = EDGE_CURVE('',#2296,#2304,#2306,.T.);
#2304 = VERTEX_POINT('',#2305);
#2305 = CARTESIAN_POINT('',(0.465,0.25,0.315));
#2306 = LINE('',#2307,#2308);
#2307 = CARTESIAN_POINT('',(-0.465,0.25,0.315));
#2308 = VECTOR('',#2309,1.);
#2309 = DIRECTION('',(1.,0.,0.));
#2310 = ORIENTED_EDGE('',*,*,#2311,.F.);
#2311 = EDGE_CURVE('',#2312,#2304,#2314,.T.);
#2312 = VERTEX_POINT('',#2313);
#2313 = CARTESIAN_POINT('',(0.465,0.25,3.5E-02));
#2314 = LINE('',#2315,#2316);
#2315 = CARTESIAN_POINT('',(0.465,0.25,3.5E-02));
#2316 = VECTOR('',#2317,1.);
#2317 = DIRECTION('',(0.,0.,1.));
#2318 = ORIENTED_EDGE('',*,*,#2319,.F.);
#2319 = EDGE_CURVE('',#2320,#2312,#2322,.T.);
#2320 = VERTEX_POINT('',#2321);
#2321 = CARTESIAN_POINT('',(0.3,0.25,3.5E-02));
#2322 = LINE('',#2323,#2324);
#2323 = CARTESIAN_POINT('',(-0.465,0.25,3.5E-02));
#2324 = VECTOR('',#2325,1.);
#2325 = DIRECTION('',(1.,0.,0.));
#2326 = ORIENTED_EDGE('',*,*,#2327,.F.);
#2327 = EDGE_CURVE('',#2153,#2320,#2328,.T.);
#2328 = LINE('',#2329,#2330);
#2329 = CARTESIAN_POINT('',(-0.465,0.25,3.5E-02));
#2330 = VECTOR('',#2331,1.);
#2331 = DIRECTION('',(1.,0.,0.));
#2332 = PLANE('',#2333);
#2333 = AXIS2_PLACEMENT_3D('',#2334,#2335,#2336);
#2334 = CARTESIAN_POINT('',(-0.465,0.25,3.5E-02));
#2335 = DIRECTION('',(0.,1.,0.));
#2336 = DIRECTION('',(0.,-0.,1.));
#2337 = ADVANCED_FACE('',(#2338),#2349,.F.);
#2338 = FACE_BOUND('',#2339,.F.);
#2339 = EDGE_LOOP('',(#2340,#2341,#2342,#2348));
#2340 = ORIENTED_EDGE('',*,*,#2195,.F.);
#2341 = ORIENTED_EDGE('',*,*,#2244,.T.);
#2342 = ORIENTED_EDGE('',*,*,#2343,.T.);
#2343 = EDGE_CURVE('',#2237,#2320,#2344,.T.);
#2344 = LINE('',#2345,#2346);
#2345 = CARTESIAN_POINT('',(0.3,-0.25,3.5E-02));
#2346 = VECTOR('',#2347,1.);
#2347 = DIRECTION('',(0.,1.,0.));
#2348 = ORIENTED_EDGE('',*,*,#2327,.F.);
#2349 = PLANE('',#2350);
#2350 = AXIS2_PLACEMENT_3D('',#2351,#2352,#2353);
#2351 = CARTESIAN_POINT('',(-0.465,-0.25,3.5E-02));
#2352 = DIRECTION('',(0.,0.,1.));
#2353 = DIRECTION('',(1.,0.,-0.));
#2354 = ADVANCED_FACE('',(#2355),#2418,.F.);
#2355 = FACE_BOUND('',#2356,.F.);
#2356 = EDGE_LOOP('',(#2357,#2367,#2374,#2375,#2376,#2377,#2386,#2394,
    #2403,#2411));
#2357 = ORIENTED_EDGE('',*,*,#2358,.F.);
#2358 = EDGE_CURVE('',#2359,#2361,#2363,.T.);
#2359 = VERTEX_POINT('',#2360);
#2360 = CARTESIAN_POINT('',(0.335,-0.25,-2.775557561563E-17));
#2361 = VERTEX_POINT('',#2362);
#2362 = CARTESIAN_POINT('',(0.465,-0.25,-2.775557561563E-17));
#2363 = LINE('',#2364,#2365);
#2364 = CARTESIAN_POINT('',(0.3,-0.25,0.));
#2365 = VECTOR('',#2366,1.);
#2366 = DIRECTION('',(1.,0.,0.));
#2367 = ORIENTED_EDGE('',*,*,#2368,.F.);
#2368 = EDGE_CURVE('',#2237,#2359,#2369,.T.);
#2369 = CIRCLE('',#2370,3.5E-02);
#2370 = AXIS2_PLACEMENT_3D('',#2371,#2372,#2373);
#2371 = CARTESIAN_POINT('',(0.335,-0.25,3.5E-02));
#2372 = DIRECTION('',(0.,-1.,0.));
#2373 = DIRECTION('',(0.,0.,1.));
#2374 = ORIENTED_EDGE('',*,*,#2236,.T.);
#2375 = ORIENTED_EDGE('',*,*,#2228,.T.);
#2376 = ORIENTED_EDGE('',*,*,#2220,.F.);
#2377 = ORIENTED_EDGE('',*,*,#2378,.T.);
#2378 = EDGE_CURVE('',#2213,#2379,#2381,.T.);
#2379 = VERTEX_POINT('',#2380);
#2380 = CARTESIAN_POINT('',(0.335,-0.25,0.35));
#2381 = CIRCLE('',#2382,3.5E-02);
#2382 = AXIS2_PLACEMENT_3D('',#2383,#2384,#2385);
#2383 = CARTESIAN_POINT('',(0.335,-0.25,0.315));
#2384 = DIRECTION('',(0.,1.,0.));
#2385 = DIRECTION('',(0.,-0.,1.));
#2386 = ORIENTED_EDGE('',*,*,#2387,.T.);
#2387 = EDGE_CURVE('',#2379,#2388,#2390,.T.);
#2388 = VERTEX_POINT('',#2389);
#2389 = CARTESIAN_POINT('',(0.465,-0.25,0.35));
#2390 = LINE('',#2391,#2392);
#2391 = CARTESIAN_POINT('',(0.3,-0.25,0.35));
#2392 = VECTOR('',#2393,1.);
#2393 = DIRECTION('',(1.,0.,0.));
#2394 = ORIENTED_EDGE('',*,*,#2395,.F.);
#2395 = EDGE_CURVE('',#2396,#2388,#2398,.T.);
#2396 = VERTEX_POINT('',#2397);
#2397 = CARTESIAN_POINT('',(0.5,-0.25,0.315));
#2398 = CIRCLE('',#2399,3.5E-02);
#2399 = AXIS2_PLACEMENT_3D('',#2400,#2401,#2402);
#2400 = CARTESIAN_POINT('',(0.465,-0.25,0.315));
#2401 = DIRECTION('',(0.,-1.,0.));
#2402 = DIRECTION('',(0.,0.,1.));
#2403 = ORIENTED_EDGE('',*,*,#2404,.F.);
#2404 = EDGE_CURVE('',#2405,#2396,#2407,.T.);
#2405 = VERTEX_POINT('',#2406);
#2406 = CARTESIAN_POINT('',(0.5,-0.25,3.5E-02));
#2407 = LINE('',#2408,#2409);
#2408 = CARTESIAN_POINT('',(0.5,-0.25,0.));
#2409 = VECTOR('',#2410,1.);
#2410 = DIRECTION('',(0.,0.,1.));
#2411 = ORIENTED_EDGE('',*,*,#2412,.T.);
#2412 = EDGE_CURVE('',#2405,#2361,#2413,.T.);
#2413 = CIRCLE('',#2414,3.5E-02);
#2414 = AXIS2_PLACEMENT_3D('',#2415,#2416,#2417);
#2415 = CARTESIAN_POINT('',(0.465,-0.25,3.5E-02));
#2416 = DIRECTION('',(0.,1.,0.));
#2417 = DIRECTION('',(0.,-0.,1.));
#2418 = PLANE('',#2419);
#2419 = AXIS2_PLACEMENT_3D('',#2420,#2421,#2422);
#2420 = CARTESIAN_POINT('',(0.3,-0.25,0.));
#2421 = DIRECTION('',(0.,1.,0.));
#2422 = DIRECTION('',(0.,-0.,1.));
#2423 = ADVANCED_FACE('',(#2424),#2449,.F.);
#2424 = FACE_BOUND('',#2425,.F.);
#2425 = EDGE_LOOP('',(#2426,#2427,#2435,#2443));
#2426 = ORIENTED_EDGE('',*,*,#2212,.F.);
#2427 = ORIENTED_EDGE('',*,*,#2428,.T.);
#2428 = EDGE_CURVE('',#2011,#2429,#2431,.T.);
#2429 = VERTEX_POINT('',#2430);
#2430 = CARTESIAN_POINT('',(-0.3,-0.25,0.35));
#2431 = LINE('',#2432,#2433);
#2432 = CARTESIAN_POINT('',(-0.3,-0.25,0.315));
#2433 = VECTOR('',#2434,1.);
#2434 = DIRECTION('',(0.,0.,1.));
#2435 = ORIENTED_EDGE('',*,*,#2436,.T.);
#2436 = EDGE_CURVE('',#2429,#2437,#2439,.T.);
#2437 = VERTEX_POINT('',#2438);
#2438 = CARTESIAN_POINT('',(0.3,-0.25,0.35));
#2439 = LINE('',#2440,#2441);
#2440 = CARTESIAN_POINT('',(-0.3,-0.25,0.35));
#2441 = VECTOR('',#2442,1.);
#2442 = DIRECTION('',(1.,0.,0.));
#2443 = ORIENTED_EDGE('',*,*,#2444,.F.);
#2444 = EDGE_CURVE('',#2213,#2437,#2445,.T.);
#2445 = LINE('',#2446,#2447);
#2446 = CARTESIAN_POINT('',(0.3,-0.25,0.315));
#2447 = VECTOR('',#2448,1.);
#2448 = DIRECTION('',(0.,0.,1.));
#2449 = PLANE('',#2450);
#2450 = AXIS2_PLACEMENT_3D('',#2451,#2452,#2453);
#2451 = CARTESIAN_POINT('',(-0.3,-0.25,0.315));
#2452 = DIRECTION('',(0.,1.,0.));
#2453 = DIRECTION('',(0.,-0.,1.));
#2454 = ADVANCED_FACE('',(#2455),#2473,.F.);
#2455 = FACE_BOUND('',#2456,.F.);
#2456 = EDGE_LOOP('',(#2457,#2458,#2459,#2467));
#2457 = ORIENTED_EDGE('',*,*,#2428,.F.);
#2458 = ORIENTED_EDGE('',*,*,#2275,.T.);
#2459 = ORIENTED_EDGE('',*,*,#2460,.T.);
#2460 = EDGE_CURVE('',#2128,#2461,#2463,.T.);
#2461 = VERTEX_POINT('',#2462);
#2462 = CARTESIAN_POINT('',(-0.3,0.25,0.35));
#2463 = LINE('',#2464,#2465);
#2464 = CARTESIAN_POINT('',(-0.3,0.25,0.315));
#2465 = VECTOR('',#2466,1.);
#2466 = DIRECTION('',(0.,0.,1.));
#2467 = ORIENTED_EDGE('',*,*,#2468,.F.);
#2468 = EDGE_CURVE('',#2429,#2461,#2469,.T.);
#2469 = LINE('',#2470,#2471);
#2470 = CARTESIAN_POINT('',(-0.3,-0.25,0.35));
#2471 = VECTOR('',#2472,1.);
#2472 = DIRECTION('',(0.,1.,0.));
#2473 = PLANE('',#2474);
#2474 = AXIS2_PLACEMENT_3D('',#2475,#2476,#2477);
#2475 = CARTESIAN_POINT('',(-0.3,-0.25,0.315));
#2476 = DIRECTION('',(1.,0.,0.));
#2477 = DIRECTION('',(0.,0.,1.));
#2478 = ADVANCED_FACE('',(#2479),#2542,.T.);
#2479 = FACE_BOUND('',#2480,.T.);
#2480 = EDGE_LOOP('',(#2481,#2491,#2498,#2499,#2500,#2501,#2510,#2518,
    #2527,#2535));
#2481 = ORIENTED_EDGE('',*,*,#2482,.F.);
#2482 = EDGE_CURVE('',#2483,#2485,#2487,.T.);
#2483 = VERTEX_POINT('',#2484);
#2484 = CARTESIAN_POINT('',(0.335,0.25,-2.775557561563E-17));
#2485 = VERTEX_POINT('',#2486);
#2486 = CARTESIAN_POINT('',(0.465,0.25,-2.775557561563E-17));
#2487 = LINE('',#2488,#2489);
#2488 = CARTESIAN_POINT('',(0.3,0.25,0.));
#2489 = VECTOR('',#2490,1.);
#2490 = DIRECTION('',(1.,0.,0.));
#2491 = ORIENTED_EDGE('',*,*,#2492,.F.);
#2492 = EDGE_CURVE('',#2320,#2483,#2493,.T.);
#2493 = CIRCLE('',#2494,3.5E-02);
#2494 = AXIS2_PLACEMENT_3D('',#2495,#2496,#2497);
#2495 = CARTESIAN_POINT('',(0.335,0.25,3.5E-02));
#2496 = DIRECTION('',(0.,-1.,0.));
#2497 = DIRECTION('',(0.,0.,1.));
#2498 = ORIENTED_EDGE('',*,*,#2319,.T.);
#2499 = ORIENTED_EDGE('',*,*,#2311,.T.);
#2500 = ORIENTED_EDGE('',*,*,#2303,.F.);
#2501 = ORIENTED_EDGE('',*,*,#2502,.T.);
#2502 = EDGE_CURVE('',#2296,#2503,#2505,.T.);
#2503 = VERTEX_POINT('',#2504);
#2504 = CARTESIAN_POINT('',(0.335,0.25,0.35));
#2505 = CIRCLE('',#2506,3.5E-02);
#2506 = AXIS2_PLACEMENT_3D('',#2507,#2508,#2509);
#2507 = CARTESIAN_POINT('',(0.335,0.25,0.315));
#2508 = DIRECTION('',(0.,1.,0.));
#2509 = DIRECTION('',(0.,-0.,1.));
#2510 = ORIENTED_EDGE('',*,*,#2511,.T.);
#2511 = EDGE_CURVE('',#2503,#2512,#2514,.T.);
#2512 = VERTEX_POINT('',#2513);
#2513 = CARTESIAN_POINT('',(0.465,0.25,0.35));
#2514 = LINE('',#2515,#2516);
#2515 = CARTESIAN_POINT('',(0.3,0.25,0.35));
#2516 = VECTOR('',#2517,1.);
#2517 = DIRECTION('',(1.,0.,0.));
#2518 = ORIENTED_EDGE('',*,*,#2519,.F.);
#2519 = EDGE_CURVE('',#2520,#2512,#2522,.T.);
#2520 = VERTEX_POINT('',#2521);
#2521 = CARTESIAN_POINT('',(0.5,0.25,0.315));
#2522 = CIRCLE('',#2523,3.5E-02);
#2523 = AXIS2_PLACEMENT_3D('',#2524,#2525,#2526);
#2524 = CARTESIAN_POINT('',(0.465,0.25,0.315));
#2525 = DIRECTION('',(0.,-1.,0.));
#2526 = DIRECTION('',(0.,0.,1.));
#2527 = ORIENTED_EDGE('',*,*,#2528,.F.);
#2528 = EDGE_CURVE('',#2529,#2520,#2531,.T.);
#2529 = VERTEX_POINT('',#2530);
#2530 = CARTESIAN_POINT('',(0.5,0.25,3.5E-02));
#2531 = LINE('',#2532,#2533);
#2532 = CARTESIAN_POINT('',(0.5,0.25,0.));
#2533 = VECTOR('',#2534,1.);
#2534 = DIRECTION('',(0.,0.,1.));
#2535 = ORIENTED_EDGE('',*,*,#2536,.T.);
#2536 = EDGE_CURVE('',#2529,#2485,#2537,.T.);
#2537 = CIRCLE('',#2538,3.5E-02);
#2538 = AXIS2_PLACEMENT_3D('',#2539,#2540,#2541);
#2539 = CARTESIAN_POINT('',(0.465,0.25,3.5E-02));
#2540 = DIRECTION('',(0.,1.,0.));
#2541 = DIRECTION('',(0.,-0.,1.));
#2542 = PLANE('',#2543);
#2543 = AXIS2_PLACEMENT_3D('',#2544,#2545,#2546);
#2544 = CARTESIAN_POINT('',(0.3,0.25,0.));
#2545 = DIRECTION('',(0.,1.,0.));
#2546 = DIRECTION('',(0.,-0.,1.));
#2547 = ADVANCED_FACE('',(#2548),#2566,.T.);
#2548 = FACE_BOUND('',#2549,.T.);
#2549 = EDGE_LOOP('',(#2550,#2551,#2552,#2560));
#2550 = ORIENTED_EDGE('',*,*,#2295,.F.);
#2551 = ORIENTED_EDGE('',*,*,#2460,.T.);
#2552 = ORIENTED_EDGE('',*,*,#2553,.T.);
#2553 = EDGE_CURVE('',#2461,#2554,#2556,.T.);
#2554 = VERTEX_POINT('',#2555);
#2555 = CARTESIAN_POINT('',(0.3,0.25,0.35));
#2556 = LINE('',#2557,#2558);
#2557 = CARTESIAN_POINT('',(-0.3,0.25,0.35));
#2558 = VECTOR('',#2559,1.);
#2559 = DIRECTION('',(1.,0.,0.));
#2560 = ORIENTED_EDGE('',*,*,#2561,.F.);
#2561 = EDGE_CURVE('',#2296,#2554,#2562,.T.);
#2562 = LINE('',#2563,#2564);
#2563 = CARTESIAN_POINT('',(0.3,0.25,0.315));
#2564 = VECTOR('',#2565,1.);
#2565 = DIRECTION('',(0.,0.,1.));
#2566 = PLANE('',#2567);
#2567 = AXIS2_PLACEMENT_3D('',#2568,#2569,#2570);
#2568 = CARTESIAN_POINT('',(-0.3,0.25,0.315));
#2569 = DIRECTION('',(0.,1.,0.));
#2570 = DIRECTION('',(0.,-0.,1.));
#2571 = ADVANCED_FACE('',(#2572),#2583,.T.);
#2572 = FACE_BOUND('',#2573,.T.);
#2573 = EDGE_LOOP('',(#2574,#2575,#2576,#2582));
#2574 = ORIENTED_EDGE('',*,*,#2343,.T.);
#2575 = ORIENTED_EDGE('',*,*,#2492,.T.);
#2576 = ORIENTED_EDGE('',*,*,#2577,.F.);
#2577 = EDGE_CURVE('',#2359,#2483,#2578,.T.);
#2578 = LINE('',#2579,#2580);
#2579 = CARTESIAN_POINT('',(0.335,-0.25,-2.775557561563E-17));
#2580 = VECTOR('',#2581,1.);
#2581 = DIRECTION('',(0.,1.,0.));
#2582 = ORIENTED_EDGE('',*,*,#2368,.F.);
#2583 = CYLINDRICAL_SURFACE('',#2584,3.5E-02);
#2584 = AXIS2_PLACEMENT_3D('',#2585,#2586,#2587);
#2585 = CARTESIAN_POINT('',(0.335,-0.25,3.5E-02));
#2586 = DIRECTION('',(0.,1.,0.));
#2587 = DIRECTION('',(-1.,0.,0.));
#2588 = ADVANCED_FACE('',(#2589),#2600,.F.);
#2589 = FACE_BOUND('',#2590,.F.);
#2590 = EDGE_LOOP('',(#2591,#2592,#2593,#2594));
#2591 = ORIENTED_EDGE('',*,*,#2482,.F.);
#2592 = ORIENTED_EDGE('',*,*,#2577,.F.);
#2593 = ORIENTED_EDGE('',*,*,#2358,.T.);
#2594 = ORIENTED_EDGE('',*,*,#2595,.T.);
#2595 = EDGE_CURVE('',#2361,#2485,#2596,.T.);
#2596 = LINE('',#2597,#2598);
#2597 = CARTESIAN_POINT('',(0.465,-0.25,-2.775557561563E-17));
#2598 = VECTOR('',#2599,1.);
#2599 = DIRECTION('',(0.,1.,0.));
#2600 = PLANE('',#2601);
#2601 = AXIS2_PLACEMENT_3D('',#2602,#2603,#2604);
#2602 = CARTESIAN_POINT('',(0.3,-0.25,0.));
#2603 = DIRECTION('',(0.,0.,1.));
#2604 = DIRECTION('',(1.,0.,-0.));
#2605 = ADVANCED_FACE('',(#2606),#2617,.T.);
#2606 = FACE_BOUND('',#2607,.T.);
#2607 = EDGE_LOOP('',(#2608,#2609,#2610,#2611));
#2608 = ORIENTED_EDGE('',*,*,#2412,.T.);
#2609 = ORIENTED_EDGE('',*,*,#2595,.T.);
#2610 = ORIENTED_EDGE('',*,*,#2536,.F.);
#2611 = ORIENTED_EDGE('',*,*,#2612,.F.);
#2612 = EDGE_CURVE('',#2405,#2529,#2613,.T.);
#2613 = LINE('',#2614,#2615);
#2614 = CARTESIAN_POINT('',(0.5,-0.25,3.5E-02));
#2615 = VECTOR('',#2616,1.);
#2616 = DIRECTION('',(0.,1.,0.));
#2617 = CYLINDRICAL_SURFACE('',#2618,3.5E-02);
#2618 = AXIS2_PLACEMENT_3D('',#2619,#2620,#2621);
#2619 = CARTESIAN_POINT('',(0.465,-0.25,3.5E-02));
#2620 = DIRECTION('',(0.,1.,0.));
#2621 = DIRECTION('',(1.,0.,0.));
#2622 = ADVANCED_FACE('',(#2623),#2634,.T.);
#2623 = FACE_BOUND('',#2624,.T.);
#2624 = EDGE_LOOP('',(#2625,#2626,#2627,#2628));
#2625 = ORIENTED_EDGE('',*,*,#2404,.F.);
#2626 = ORIENTED_EDGE('',*,*,#2612,.T.);
#2627 = ORIENTED_EDGE('',*,*,#2528,.T.);
#2628 = ORIENTED_EDGE('',*,*,#2629,.F.);
#2629 = EDGE_CURVE('',#2396,#2520,#2630,.T.);
#2630 = LINE('',#2631,#2632);
#2631 = CARTESIAN_POINT('',(0.5,-0.25,0.315));
#2632 = VECTOR('',#2633,1.);
#2633 = DIRECTION('',(0.,1.,0.));
#2634 = PLANE('',#2635);
#2635 = AXIS2_PLACEMENT_3D('',#2636,#2637,#2638);
#2636 = CARTESIAN_POINT('',(0.5,-0.25,0.));
#2637 = DIRECTION('',(1.,0.,0.));
#2638 = DIRECTION('',(0.,0.,1.));
#2639 = ADVANCED_FACE('',(#2640),#2651,.T.);
#2640 = FACE_BOUND('',#2641,.T.);
#2641 = EDGE_LOOP('',(#2642,#2643,#2644,#2650));
#2642 = ORIENTED_EDGE('',*,*,#2629,.T.);
#2643 = ORIENTED_EDGE('',*,*,#2519,.T.);
#2644 = ORIENTED_EDGE('',*,*,#2645,.F.);
#2645 = EDGE_CURVE('',#2388,#2512,#2646,.T.);
#2646 = LINE('',#2647,#2648);
#2647 = CARTESIAN_POINT('',(0.465,-0.25,0.35));
#2648 = VECTOR('',#2649,1.);
#2649 = DIRECTION('',(0.,1.,0.));
#2650 = ORIENTED_EDGE('',*,*,#2395,.F.);
#2651 = CYLINDRICAL_SURFACE('',#2652,3.5E-02);
#2652 = AXIS2_PLACEMENT_3D('',#2653,#2654,#2655);
#2653 = CARTESIAN_POINT('',(0.465,-0.25,0.315));
#2654 = DIRECTION('',(0.,1.,0.));
#2655 = DIRECTION('',(1.,0.,0.));
#2656 = ADVANCED_FACE('',(#2657),#2668,.T.);
#2657 = FACE_BOUND('',#2658,.T.);
#2658 = EDGE_LOOP('',(#2659,#2660,#2666,#2667));
#2659 = ORIENTED_EDGE('',*,*,#2511,.F.);
#2660 = ORIENTED_EDGE('',*,*,#2661,.F.);
#2661 = EDGE_CURVE('',#2379,#2503,#2662,.T.);
#2662 = LINE('',#2663,#2664);
#2663 = CARTESIAN_POINT('',(0.335,-0.25,0.35));
#2664 = VECTOR('',#2665,1.);
#2665 = DIRECTION('',(0.,1.,0.));
#2666 = ORIENTED_EDGE('',*,*,#2387,.T.);
#2667 = ORIENTED_EDGE('',*,*,#2645,.T.);
#2668 = PLANE('',#2669);
#2669 = AXIS2_PLACEMENT_3D('',#2670,#2671,#2672);
#2670 = CARTESIAN_POINT('',(0.3,-0.25,0.35));
#2671 = DIRECTION('',(0.,0.,1.));
#2672 = DIRECTION('',(1.,0.,-0.));
#2673 = ADVANCED_FACE('',(#2674),#2685,.T.);
#2674 = FACE_BOUND('',#2675,.T.);
#2675 = EDGE_LOOP('',(#2676,#2677,#2678,#2679));
#2676 = ORIENTED_EDGE('',*,*,#2378,.T.);
#2677 = ORIENTED_EDGE('',*,*,#2661,.T.);
#2678 = ORIENTED_EDGE('',*,*,#2502,.F.);
#2679 = ORIENTED_EDGE('',*,*,#2680,.F.);
#2680 = EDGE_CURVE('',#2213,#2296,#2681,.T.);
#2681 = LINE('',#2682,#2683);
#2682 = CARTESIAN_POINT('',(0.3,-0.25,0.315));
#2683 = VECTOR('',#2684,1.);
#2684 = DIRECTION('',(0.,1.,0.));
#2685 = CYLINDRICAL_SURFACE('',#2686,3.5E-02);
#2686 = AXIS2_PLACEMENT_3D('',#2687,#2688,#2689);
#2687 = CARTESIAN_POINT('',(0.335,-0.25,0.315));
#2688 = DIRECTION('',(0.,1.,0.));
#2689 = DIRECTION('',(-1.,0.,0.));
#2690 = ADVANCED_FACE('',(#2691),#2702,.T.);
#2691 = FACE_BOUND('',#2692,.T.);
#2692 = EDGE_LOOP('',(#2693,#2694,#2695,#2696));
#2693 = ORIENTED_EDGE('',*,*,#2444,.F.);
#2694 = ORIENTED_EDGE('',*,*,#2680,.T.);
#2695 = ORIENTED_EDGE('',*,*,#2561,.T.);
#2696 = ORIENTED_EDGE('',*,*,#2697,.F.);
#2697 = EDGE_CURVE('',#2437,#2554,#2698,.T.);
#2698 = LINE('',#2699,#2700);
#2699 = CARTESIAN_POINT('',(0.3,-0.25,0.35));
#2700 = VECTOR('',#2701,1.);
#2701 = DIRECTION('',(0.,1.,0.));
#2702 = PLANE('',#2703);
#2703 = AXIS2_PLACEMENT_3D('',#2704,#2705,#2706);
#2704 = CARTESIAN_POINT('',(0.3,-0.25,0.315));
#2705 = DIRECTION('',(1.,0.,0.));
#2706 = DIRECTION('',(0.,0.,1.));
#2707 = ADVANCED_FACE('',(#2708),#2714,.T.);
#2708 = FACE_BOUND('',#2709,.T.);
#2709 = EDGE_LOOP('',(#2710,#2711,#2712,#2713));
#2710 = ORIENTED_EDGE('',*,*,#2468,.F.);
#2711 = ORIENTED_EDGE('',*,*,#2436,.T.);
#2712 = ORIENTED_EDGE('',*,*,#2697,.T.);
#2713 = ORIENTED_EDGE('',*,*,#2553,.F.);
#2714 = PLANE('',#2715);
#2715 = AXIS2_PLACEMENT_3D('',#2716,#2717,#2718);
#2716 = CARTESIAN_POINT('',(-0.3,-0.25,0.35));
#2717 = DIRECTION('',(0.,0.,1.));
#2718 = DIRECTION('',(1.,0.,-0.));
#2719 = ( GEOMETRIC_REPRESENTATION_CONTEXT(3) 
GLOBAL_UNCERTAINTY_ASSIGNED_CONTEXT((#2723)) 
GLOBAL_UNIT_ASSIGNED_CONTEXT((#2720,#2721,#2722)) REPRESENTATION_CONTEXT
('Context #1','3D Context with UNIT and UNCERTAINTY') );
#2720 = ( LENGTH_UNIT() NAMED_UNIT(*) SI_UNIT(.MILLI.,.METRE.) );
#2721 = ( NAMED_UNIT(*) PLANE_ANGLE_UNIT() SI_UNIT($,.RADIAN.) );
#2722 = ( NAMED_UNIT(*) SI_UNIT($,.STERADIAN.) SOLID_ANGLE_UNIT() );
#2723 = UNCERTAINTY_MEASURE_WITH_UNIT(LENGTH_MEASURE(1.E-07),#2720,
  'distance_accuracy_value','confusion accuracy');
#2724 = CONTEXT_DEPENDENT_SHAPE_REPRESENTATION(#2725,#2727);
#2725 = ( REPRESENTATION_RELATIONSHIP('','',#1928,#10) 
REPRESENTATION_RELATIONSHIP_WITH_TRANSFORMATION(#2726) 
SHAPE_REPRESENTATION_RELATIONSHIP() );
#2726 = ITEM_DEFINED_TRANSFORMATION('','',#11,#63);
#2727 = PRODUCT_DEFINITION_SHAPE('Placement','Placement of an item',
  #2728);
#2728 = NEXT_ASSEMBLY_USAGE_OCCURRENCE('13','R3','',#5,#1923,$);
#2729 = PRODUCT_RELATED_PRODUCT_CATEGORY('part',$,(#1925));
#2730 = CONTEXT_DEPENDENT_SHAPE_REPRESENTATION(#2731,#2733);
#2731 = ( REPRESENTATION_RELATIONSHIP('','',#132,#10) 
REPRESENTATION_RELATIONSHIP_WITH_TRANSFORMATION(#2732) 
SHAPE_REPRESENTATION_RELATIONSHIP() );
#2732 = ITEM_DEFINED_TRANSFORMATION('','',#11,#67);
#2733 = PRODUCT_DEFINITION_SHAPE('Placement','Placement of an item',
  #2734);
#2734 = NEXT_ASSEMBLY_USAGE_OCCURRENCE('14','C8','',#5,#127,$);
#2735 = CONTEXT_DEPENDENT_SHAPE_REPRESENTATION(#2736,#2738);
#2736 = ( REPRESENTATION_RELATIONSHIP('','',#1928,#10) 
REPRESENTATION_RELATIONSHIP_WITH_TRANSFORMATION(#2737) 
SHAPE_REPRESENTATION_RELATIONSHIP() );
#2737 = ITEM_DEFINED_TRANSFORMATION('','',#11,#71);
#2738 = PRODUCT_DEFINITION_SHAPE('Placement','Placement of an item',
  #2739);
#2739 = NEXT_ASSEMBLY_USAGE_OCCURRENCE('15','R6','',#5,#1923,$);
#2740 = CONTEXT_DEPENDENT_SHAPE_REPRESENTATION(#2741,#2743);
#2741 = ( REPRESENTATION_RELATIONSHIP('','',#132,#10) 
REPRESENTATION_RELATIONSHIP_WITH_TRANSFORMATION(#2742) 
SHAPE_REPRESENTATION_RELATIONSHIP() );
#2742 = ITEM_DEFINED_TRANSFORMATION('','',#11,#75);
#2743 = PRODUCT_DEFINITION_SHAPE('Placement','Placement of an item',
  #2744);
#2744 = NEXT_ASSEMBLY_USAGE_OCCURRENCE('16','C5','',#5,#127,$);
#2745 = CONTEXT_DEPENDENT_SHAPE_REPRESENTATION(#2746,#2748);
#2746 = ( REPRESENTATION_RELATIONSHIP('','',#1025,#10) 
REPRESENTATION_RELATIONSHIP_WITH_TRANSFORMATION(#2747) 
SHAPE_REPRESENTATION_RELATIONSHIP() );
#2747 = ITEM_DEFINED_TRANSFORMATION('','',#11,#79);
#2748 = PRODUCT_DEFINITION_SHAPE('Placement','Placement of an item',
  #2749);
#2749 = NEXT_ASSEMBLY_USAGE_OCCURRENCE('17','C1','',#5,#1020,$);
#2750 = CONTEXT_DEPENDENT_SHAPE_REPRESENTATION(#2751,#2753);
#2751 = ( REPRESENTATION_RELATIONSHIP('','',#1025,#10) 
REPRESENTATION_RELATIONSHIP_WITH_TRANSFORMATION(#2752) 
SHAPE_REPRESENTATION_RELATIONSHIP() );
#2752 = ITEM_DEFINED_TRANSFORMATION('','',#11,#83);
#2753 = PRODUCT_DEFINITION_SHAPE('Placement','Placement of an item',
  #2754);
#2754 = NEXT_ASSEMBLY_USAGE_OCCURRENCE('18','C20','',#5,#1020,$);
#2755 = CONTEXT_DEPENDENT_SHAPE_REPRESENTATION(#2756,#2758);
#2756 = ( REPRESENTATION_RELATIONSHIP('','',#132,#10) 
REPRESENTATION_RELATIONSHIP_WITH_TRANSFORMATION(#2757) 
SHAPE_REPRESENTATION_RELATIONSHIP() );
#2757 = ITEM_DEFINED_TRANSFORMATION('','',#11,#87);
#2758 = PRODUCT_DEFINITION_SHAPE('Placement','Placement of an item',
  #2759);
#2759 = NEXT_ASSEMBLY_USAGE_OCCURRENCE('19','C18','',#5,#127,$);
#2760 = CONTEXT_DEPENDENT_SHAPE_REPRESENTATION(#2761,#2763);
#2761 = ( REPRESENTATION_RELATIONSHIP('','',#132,#10) 
REPRESENTATION_RELATIONSHIP_WITH_TRANSFORMATION(#2762) 
SHAPE_REPRESENTATION_RELATIONSHIP() );
#2762 = ITEM_DEFINED_TRANSFORMATION('','',#11,#91);
#2763 = PRODUCT_DEFINITION_SHAPE('Placement','Placement of an item',
  #2764);
#2764 = NEXT_ASSEMBLY_USAGE_OCCURRENCE('20','C4','',#5,#127,$);
#2765 = CONTEXT_DEPENDENT_SHAPE_REPRESENTATION(#2766,#2768);
#2766 = ( REPRESENTATION_RELATIONSHIP('','',#1928,#10) 
REPRESENTATION_RELATIONSHIP_WITH_TRANSFORMATION(#2767) 
SHAPE_REPRESENTATION_RELATIONSHIP() );
#2767 = ITEM_DEFINED_TRANSFORMATION('','',#11,#95);
#2768 = PRODUCT_DEFINITION_SHAPE('Placement','Placement of an item',
  #2769);
#2769 = NEXT_ASSEMBLY_USAGE_OCCURRENCE('21','R5','',#5,#1923,$);
#2770 = CONTEXT_DEPENDENT_SHAPE_REPRESENTATION(#2771,#2773);
#2771 = ( REPRESENTATION_RELATIONSHIP('','',#1025,#10) 
REPRESENTATION_RELATIONSHIP_WITH_TRANSFORMATION(#2772) 
SHAPE_REPRESENTATION_RELATIONSHIP() );
#2772 = ITEM_DEFINED_TRANSFORMATION('','',#11,#99);
#2773 = PRODUCT_DEFINITION_SHAPE('Placement','Placement of an item',
  #2774);
#2774 = NEXT_ASSEMBLY_USAGE_OCCURRENCE('22','C15','',#5,#1020,$);
#2775 = CONTEXT_DEPENDENT_SHAPE_REPRESENTATION(#2776,#2778);
#2776 = ( REPRESENTATION_RELATIONSHIP('','',#132,#10) 
REPRESENTATION_RELATIONSHIP_WITH_TRANSFORMATION(#2777) 
SHAPE_REPRESENTATION_RELATIONSHIP() );
#2777 = ITEM_DEFINED_TRANSFORMATION('','',#11,#103);
#2778 = PRODUCT_DEFINITION_SHAPE('Placement','Placement of an item',
  #2779);
#2779 = NEXT_ASSEMBLY_USAGE_OCCURRENCE('23','C19','',#5,#127,$);
#2780 = CONTEXT_DEPENDENT_SHAPE_REPRESENTATION(#2781,#2783);
#2781 = ( REPRESENTATION_RELATIONSHIP('','',#132,#10) 
REPRESENTATION_RELATIONSHIP_WITH_TRANSFORMATION(#2782) 
SHAPE_REPRESENTATION_RELATIONSHIP() );
#2782 = ITEM_DEFINED_TRANSFORMATION('','',#11,#107);
#2783 = PRODUCT_DEFINITION_SHAPE('Placement','Placement of an item',
  #2784);
#2784 = NEXT_ASSEMBLY_USAGE_OCCURRENCE('24','C3','',#5,#127,$);
#2785 = CONTEXT_DEPENDENT_SHAPE_REPRESENTATION(#2786,#2788);
#2786 = ( REPRESENTATION_RELATIONSHIP('','',#1928,#10) 
REPRESENTATION_RELATIONSHIP_WITH_TRANSFORMATION(#2787) 
SHAPE_REPRESENTATION_RELATIONSHIP() );
#2787 = ITEM_DEFINED_TRANSFORMATION('','',#11,#111);
#2788 = PRODUCT_DEFINITION_SHAPE('Placement','Placement of an item',
  #2789);
#2789 = NEXT_ASSEMBLY_USAGE_OCCURRENCE('25','R4','',#5,#1923,$);
#2790 = SHAPE_DEFINITION_REPRESENTATION(#2791,#2797);
#2791 = PRODUCT_DEFINITION_SHAPE('','',#2792);
#2792 = PRODUCT_DEFINITION('design','',#2793,#2796);
#2793 = PRODUCT_DEFINITION_FORMATION('','',#2794);
#2794 = PRODUCT('SeniorDesignRFEval_PCB','SeniorDesignRFEval_PCB','',(
    #2795));
#2795 = PRODUCT_CONTEXT('',#2,'mechanical');
#2796 = PRODUCT_DEFINITION_CONTEXT('part definition',#2,'design');
#2797 = ADVANCED_BREP_SHAPE_REPRESENTATION('',(#11,#2798),#4196);
#2798 = MANIFOLD_SOLID_BREP('',#2799);
#2799 = CLOSED_SHELL('',(#2800,#2840,#2871,#2902,#3271,#3640,#3652,#3669
    ,#3686,#3703,#3720,#3737,#3754,#3771,#3788,#3805,#3822,#3839,#3856,
    #3873,#3890,#3907,#3924,#3941,#3958,#3975,#3992,#4009,#4026,#4043,
    #4060,#4077,#4094,#4111,#4128,#4145,#4162,#4179));
#2800 = ADVANCED_FACE('',(#2801),#2835,.T.);
#2801 = FACE_BOUND('',#2802,.T.);
#2802 = EDGE_LOOP('',(#2803,#2813,#2821,#2829));
#2803 = ORIENTED_EDGE('',*,*,#2804,.T.);
#2804 = EDGE_CURVE('',#2805,#2807,#2809,.T.);
#2805 = VERTEX_POINT('',#2806);
#2806 = CARTESIAN_POINT('',(129.85,-115.65,0.));
#2807 = VERTEX_POINT('',#2808);
#2808 = CARTESIAN_POINT('',(129.85,-115.65,1.51));
#2809 = LINE('',#2810,#2811);
#2810 = CARTESIAN_POINT('',(129.85,-115.65,0.));
#2811 = VECTOR('',#2812,1.);
#2812 = DIRECTION('',(0.,0.,1.));
#2813 = ORIENTED_EDGE('',*,*,#2814,.T.);
#2814 = EDGE_CURVE('',#2807,#2815,#2817,.T.);
#2815 = VERTEX_POINT('',#2816);
#2816 = CARTESIAN_POINT('',(80.5,-115.65,1.51));
#2817 = LINE('',#2818,#2819);
#2818 = CARTESIAN_POINT('',(129.85,-115.65,1.51));
#2819 = VECTOR('',#2820,1.);
#2820 = DIRECTION('',(-1.,0.,0.));
#2821 = ORIENTED_EDGE('',*,*,#2822,.F.);
#2822 = EDGE_CURVE('',#2823,#2815,#2825,.T.);
#2823 = VERTEX_POINT('',#2824);
#2824 = CARTESIAN_POINT('',(80.5,-115.65,0.));
#2825 = LINE('',#2826,#2827);
#2826 = CARTESIAN_POINT('',(80.5,-115.65,0.));
#2827 = VECTOR('',#2828,1.);
#2828 = DIRECTION('',(0.,0.,1.));
#2829 = ORIENTED_EDGE('',*,*,#2830,.F.);
#2830 = EDGE_CURVE('',#2805,#2823,#2831,.T.);
#2831 = LINE('',#2832,#2833);
#2832 = CARTESIAN_POINT('',(129.85,-115.65,0.));
#2833 = VECTOR('',#2834,1.);
#2834 = DIRECTION('',(-1.,0.,0.));
#2835 = PLANE('',#2836);
#2836 = AXIS2_PLACEMENT_3D('',#2837,#2838,#2839);
#2837 = CARTESIAN_POINT('',(129.85,-115.65,0.));
#2838 = DIRECTION('',(0.,-1.,0.));
#2839 = DIRECTION('',(-1.,0.,0.));
#2840 = ADVANCED_FACE('',(#2841),#2866,.T.);
#2841 = FACE_BOUND('',#2842,.T.);
#2842 = EDGE_LOOP('',(#2843,#2853,#2859,#2860));
#2843 = ORIENTED_EDGE('',*,*,#2844,.T.);
#2844 = EDGE_CURVE('',#2845,#2847,#2849,.T.);
#2845 = VERTEX_POINT('',#2846);
#2846 = CARTESIAN_POINT('',(129.85,-64.7,0.));
#2847 = VERTEX_POINT('',#2848);
#2848 = CARTESIAN_POINT('',(129.85,-64.7,1.51));
#2849 = LINE('',#2850,#2851);
#2850 = CARTESIAN_POINT('',(129.85,-64.7,0.));
#2851 = VECTOR('',#2852,1.);
#2852 = DIRECTION('',(0.,0.,1.));
#2853 = ORIENTED_EDGE('',*,*,#2854,.T.);
#2854 = EDGE_CURVE('',#2847,#2807,#2855,.T.);
#2855 = LINE('',#2856,#2857);
#2856 = CARTESIAN_POINT('',(129.85,-64.7,1.51));
#2857 = VECTOR('',#2858,1.);
#2858 = DIRECTION('',(0.,-1.,0.));
#2859 = ORIENTED_EDGE('',*,*,#2804,.F.);
#2860 = ORIENTED_EDGE('',*,*,#2861,.F.);
#2861 = EDGE_CURVE('',#2845,#2805,#2862,.T.);
#2862 = LINE('',#2863,#2864);
#2863 = CARTESIAN_POINT('',(129.85,-64.7,0.));
#2864 = VECTOR('',#2865,1.);
#2865 = DIRECTION('',(0.,-1.,0.));
#2866 = PLANE('',#2867);
#2867 = AXIS2_PLACEMENT_3D('',#2868,#2869,#2870);
#2868 = CARTESIAN_POINT('',(129.85,-64.7,0.));
#2869 = DIRECTION('',(1.,0.,-0.));
#2870 = DIRECTION('',(0.,-1.,0.));
#2871 = ADVANCED_FACE('',(#2872),#2897,.T.);
#2872 = FACE_BOUND('',#2873,.T.);
#2873 = EDGE_LOOP('',(#2874,#2875,#2883,#2891));
#2874 = ORIENTED_EDGE('',*,*,#2822,.T.);
#2875 = ORIENTED_EDGE('',*,*,#2876,.T.);
#2876 = EDGE_CURVE('',#2815,#2877,#2879,.T.);
#2877 = VERTEX_POINT('',#2878);
#2878 = CARTESIAN_POINT('',(80.5,-64.7,1.51));
#2879 = LINE('',#2880,#2881);
#2880 = CARTESIAN_POINT('',(80.5,-115.65,1.51));
#2881 = VECTOR('',#2882,1.);
#2882 = DIRECTION('',(0.,1.,0.));
#2883 = ORIENTED_EDGE('',*,*,#2884,.F.);
#2884 = EDGE_CURVE('',#2885,#2877,#2887,.T.);
#2885 = VERTEX_POINT('',#2886);
#2886 = CARTESIAN_POINT('',(80.5,-64.7,0.));
#2887 = LINE('',#2888,#2889);
#2888 = CARTESIAN_POINT('',(80.5,-64.7,0.));
#2889 = VECTOR('',#2890,1.);
#2890 = DIRECTION('',(0.,0.,1.));
#2891 = ORIENTED_EDGE('',*,*,#2892,.F.);
#2892 = EDGE_CURVE('',#2823,#2885,#2893,.T.);
#2893 = LINE('',#2894,#2895);
#2894 = CARTESIAN_POINT('',(80.5,-115.65,0.));
#2895 = VECTOR('',#2896,1.);
#2896 = DIRECTION('',(0.,1.,0.));
#2897 = PLANE('',#2898);
#2898 = AXIS2_PLACEMENT_3D('',#2899,#2900,#2901);
#2899 = CARTESIAN_POINT('',(80.5,-115.65,0.));
#2900 = DIRECTION('',(-1.,0.,0.));
#2901 = DIRECTION('',(0.,1.,0.));
#2902 = ADVANCED_FACE('',(#2903,#2914,#2925,#2936,#2947,#2958,#2969,
    #2980,#2991,#3002,#3013,#3024,#3035,#3046,#3057,#3068,#3079,#3090,
    #3101,#3112,#3123,#3134,#3145,#3156,#3167,#3178,#3189,#3200,#3211,
    #3222,#3233,#3244,#3255),#3266,.F.);
#2903 = FACE_BOUND('',#2904,.F.);
#2904 = EDGE_LOOP('',(#2905,#2906,#2907,#2913));
#2905 = ORIENTED_EDGE('',*,*,#2830,.F.);
#2906 = ORIENTED_EDGE('',*,*,#2861,.F.);
#2907 = ORIENTED_EDGE('',*,*,#2908,.F.);
#2908 = EDGE_CURVE('',#2885,#2845,#2909,.T.);
#2909 = LINE('',#2910,#2911);
#2910 = CARTESIAN_POINT('',(80.5,-64.7,0.));
#2911 = VECTOR('',#2912,1.);
#2912 = DIRECTION('',(1.,0.,0.));
#2913 = ORIENTED_EDGE('',*,*,#2892,.F.);
#2914 = FACE_BOUND('',#2915,.F.);
#2915 = EDGE_LOOP('',(#2916));
#2916 = ORIENTED_EDGE('',*,*,#2917,.T.);
#2917 = EDGE_CURVE('',#2918,#2918,#2920,.T.);
#2918 = VERTEX_POINT('',#2919);
#2919 = CARTESIAN_POINT('',(106.64,-89.91,0.));
#2920 = CIRCLE('',#2921,9.999999999999E-02);
#2921 = AXIS2_PLACEMENT_3D('',#2922,#2923,#2924);
#2922 = CARTESIAN_POINT('',(106.64,-89.81,0.));
#2923 = DIRECTION('',(-0.,0.,-1.));
#2924 = DIRECTION('',(-0.,-1.,0.));
#2925 = FACE_BOUND('',#2926,.F.);
#2926 = EDGE_LOOP('',(#2927));
#2927 = ORIENTED_EDGE('',*,*,#2928,.T.);
#2928 = EDGE_CURVE('',#2929,#2929,#2931,.T.);
#2929 = VERTEX_POINT('',#2930);
#2930 = CARTESIAN_POINT('',(105.37,-88.64,0.));
#2931 = CIRCLE('',#2932,1.E-01);
#2932 = AXIS2_PLACEMENT_3D('',#2933,#2934,#2935);
#2933 = CARTESIAN_POINT('',(105.37,-88.54,0.));
#2934 = DIRECTION('',(-0.,0.,-1.));
#2935 = DIRECTION('',(-0.,-1.,0.));
#2936 = FACE_BOUND('',#2937,.F.);
#2937 = EDGE_LOOP('',(#2938));
#2938 = ORIENTED_EDGE('',*,*,#2939,.T.);
#2939 = EDGE_CURVE('',#2940,#2940,#2942,.T.);
#2940 = VERTEX_POINT('',#2941);
#2941 = CARTESIAN_POINT('',(106.64,-88.64,0.));
#2942 = CIRCLE('',#2943,9.999999999999E-02);
#2943 = AXIS2_PLACEMENT_3D('',#2944,#2945,#2946);
#2944 = CARTESIAN_POINT('',(106.64,-88.54,0.));
#2945 = DIRECTION('',(-0.,0.,-1.));
#2946 = DIRECTION('',(-0.,-1.,0.));
#2947 = FACE_BOUND('',#2948,.F.);
#2948 = EDGE_LOOP('',(#2949));
#2949 = ORIENTED_EDGE('',*,*,#2950,.T.);
#2950 = EDGE_CURVE('',#2951,#2951,#2953,.T.);
#2951 = VERTEX_POINT('',#2952);
#2952 = CARTESIAN_POINT('',(108.1,-89.91,0.));
#2953 = CIRCLE('',#2954,0.1);
#2954 = AXIS2_PLACEMENT_3D('',#2955,#2956,#2957);
#2955 = CARTESIAN_POINT('',(108.1,-89.81,0.));
#2956 = DIRECTION('',(-0.,0.,-1.));
#2957 = DIRECTION('',(-0.,-1.,0.));
#2958 = FACE_BOUND('',#2959,.F.);
#2959 = EDGE_LOOP('',(#2960));
#2960 = ORIENTED_EDGE('',*,*,#2961,.T.);
#2961 = EDGE_CURVE('',#2962,#2962,#2964,.T.);
#2962 = VERTEX_POINT('',#2963);
#2963 = CARTESIAN_POINT('',(108.1,-88.64,0.));
#2964 = CIRCLE('',#2965,0.1);
#2965 = AXIS2_PLACEMENT_3D('',#2966,#2967,#2968);
#2966 = CARTESIAN_POINT('',(108.1,-88.54,0.));
#2967 = DIRECTION('',(-0.,0.,-1.));
#2968 = DIRECTION('',(-0.,-1.,0.));
#2969 = FACE_BOUND('',#2970,.F.);
#2970 = EDGE_LOOP('',(#2971));
#2971 = ORIENTED_EDGE('',*,*,#2972,.T.);
#2972 = EDGE_CURVE('',#2973,#2973,#2975,.T.);
#2973 = VERTEX_POINT('',#2974);
#2974 = CARTESIAN_POINT('',(109.37,-88.64,0.));
#2975 = CIRCLE('',#2976,1.E-01);
#2976 = AXIS2_PLACEMENT_3D('',#2977,#2978,#2979);
#2977 = CARTESIAN_POINT('',(109.37,-88.54,0.));
#2978 = DIRECTION('',(-0.,0.,-1.));
#2979 = DIRECTION('',(-0.,-1.,0.));
#2980 = FACE_BOUND('',#2981,.F.);
#2981 = EDGE_LOOP('',(#2982));
#2982 = ORIENTED_EDGE('',*,*,#2983,.T.);
#2983 = EDGE_CURVE('',#2984,#2984,#2986,.T.);
#2984 = VERTEX_POINT('',#2985);
#2985 = CARTESIAN_POINT('',(105.37,-87.18,0.));
#2986 = CIRCLE('',#2987,1.E-01);
#2987 = AXIS2_PLACEMENT_3D('',#2988,#2989,#2990);
#2988 = CARTESIAN_POINT('',(105.37,-87.08,0.));
#2989 = DIRECTION('',(-0.,0.,-1.));
#2990 = DIRECTION('',(-0.,-1.,0.));
#2991 = FACE_BOUND('',#2992,.F.);
#2992 = EDGE_LOOP('',(#2993));
#2993 = ORIENTED_EDGE('',*,*,#2994,.T.);
#2994 = EDGE_CURVE('',#2995,#2995,#2997,.T.);
#2995 = VERTEX_POINT('',#2996);
#2996 = CARTESIAN_POINT('',(106.64,-87.18,0.));
#2997 = CIRCLE('',#2998,9.999999999999E-02);
#2998 = AXIS2_PLACEMENT_3D('',#2999,#3000,#3001);
#2999 = CARTESIAN_POINT('',(106.64,-87.08,0.));
#3000 = DIRECTION('',(-0.,0.,-1.));
#3001 = DIRECTION('',(-0.,-1.,0.));
#3002 = FACE_BOUND('',#3003,.F.);
#3003 = EDGE_LOOP('',(#3004));
#3004 = ORIENTED_EDGE('',*,*,#3005,.T.);
#3005 = EDGE_CURVE('',#3006,#3006,#3008,.T.);
#3006 = VERTEX_POINT('',#3007);
#3007 = CARTESIAN_POINT('',(106.64,-85.91,0.));
#3008 = CIRCLE('',#3009,9.999999999999E-02);
#3009 = AXIS2_PLACEMENT_3D('',#3010,#3011,#3012);
#3010 = CARTESIAN_POINT('',(106.64,-85.81,0.));
#3011 = DIRECTION('',(-0.,0.,-1.));
#3012 = DIRECTION('',(-0.,-1.,0.));
#3013 = FACE_BOUND('',#3014,.F.);
#3014 = EDGE_LOOP('',(#3015));
#3015 = ORIENTED_EDGE('',*,*,#3016,.T.);
#3016 = EDGE_CURVE('',#3017,#3017,#3019,.T.);
#3017 = VERTEX_POINT('',#3018);
#3018 = CARTESIAN_POINT('',(108.1,-87.18,0.));
#3019 = CIRCLE('',#3020,0.1);
#3020 = AXIS2_PLACEMENT_3D('',#3021,#3022,#3023);
#3021 = CARTESIAN_POINT('',(108.1,-87.08,0.));
#3022 = DIRECTION('',(-0.,0.,-1.));
#3023 = DIRECTION('',(-0.,-1.,0.));
#3024 = FACE_BOUND('',#3025,.F.);
#3025 = EDGE_LOOP('',(#3026));
#3026 = ORIENTED_EDGE('',*,*,#3027,.T.);
#3027 = EDGE_CURVE('',#3028,#3028,#3030,.T.);
#3028 = VERTEX_POINT('',#3029);
#3029 = CARTESIAN_POINT('',(109.37,-87.18,0.));
#3030 = CIRCLE('',#3031,1.E-01);
#3031 = AXIS2_PLACEMENT_3D('',#3032,#3033,#3034);
#3032 = CARTESIAN_POINT('',(109.37,-87.08,0.));
#3033 = DIRECTION('',(-0.,0.,-1.));
#3034 = DIRECTION('',(-0.,-1.,0.));
#3035 = FACE_BOUND('',#3036,.F.);
#3036 = EDGE_LOOP('',(#3037));
#3037 = ORIENTED_EDGE('',*,*,#3038,.T.);
#3038 = EDGE_CURVE('',#3039,#3039,#3041,.T.);
#3039 = VERTEX_POINT('',#3040);
#3040 = CARTESIAN_POINT('',(108.1,-85.91,0.));
#3041 = CIRCLE('',#3042,0.1);
#3042 = AXIS2_PLACEMENT_3D('',#3043,#3044,#3045);
#3043 = CARTESIAN_POINT('',(108.1,-85.81,0.));
#3044 = DIRECTION('',(-0.,0.,-1.));
#3045 = DIRECTION('',(-0.,-1.,0.));
#3046 = FACE_BOUND('',#3047,.F.);
#3047 = EDGE_LOOP('',(#3048));
#3048 = ORIENTED_EDGE('',*,*,#3049,.T.);
#3049 = EDGE_CURVE('',#3050,#3050,#3052,.T.);
#3050 = VERTEX_POINT('',#3051);
#3051 = CARTESIAN_POINT('',(123.3046,-94.6885,0.));
#3052 = CIRCLE('',#3053,0.6985);
#3053 = AXIS2_PLACEMENT_3D('',#3054,#3055,#3056);
#3054 = CARTESIAN_POINT('',(123.3046,-93.99,0.));
#3055 = DIRECTION('',(-0.,0.,-1.));
#3056 = DIRECTION('',(-0.,-1.,0.));
#3057 = FACE_BOUND('',#3058,.F.);
#3058 = EDGE_LOOP('',(#3059));
#3059 = ORIENTED_EDGE('',*,*,#3060,.T.);
#3060 = EDGE_CURVE('',#3061,#3061,#3063,.T.);
#3061 = VERTEX_POINT('',#3062);
#3062 = CARTESIAN_POINT('',(128.41,-94.6885,0.));
#3063 = CIRCLE('',#3064,0.6985);
#3064 = AXIS2_PLACEMENT_3D('',#3065,#3066,#3067);
#3065 = CARTESIAN_POINT('',(128.41,-93.99,0.));
#3066 = DIRECTION('',(-0.,0.,-1.));
#3067 = DIRECTION('',(-0.,-1.,0.));
#3068 = FACE_BOUND('',#3069,.F.);
#3069 = EDGE_LOOP('',(#3070));
#3070 = ORIENTED_EDGE('',*,*,#3071,.T.);
#3071 = EDGE_CURVE('',#3072,#3072,#3074,.T.);
#3072 = VERTEX_POINT('',#3073);
#3073 = CARTESIAN_POINT('',(125.8573,-92.1866,0.));
#3074 = CIRCLE('',#3075,0.7493);
#3075 = AXIS2_PLACEMENT_3D('',#3076,#3077,#3078);
#3076 = CARTESIAN_POINT('',(125.8573,-91.4373,0.));
#3077 = DIRECTION('',(-0.,0.,-1.));
#3078 = DIRECTION('',(-1.89655074272E-14,-1.,0.));
#3079 = FACE_BOUND('',#3080,.F.);
#3080 = EDGE_LOOP('',(#3081));
#3081 = ORIENTED_EDGE('',*,*,#3082,.T.);
#3082 = EDGE_CURVE('',#3083,#3083,#3085,.T.);
#3083 = VERTEX_POINT('',#3084);
#3084 = CARTESIAN_POINT('',(123.3046,-89.5831,0.));
#3085 = CIRCLE('',#3086,0.6985);
#3086 = AXIS2_PLACEMENT_3D('',#3087,#3088,#3089);
#3087 = CARTESIAN_POINT('',(123.3046,-88.8846,0.));
#3088 = DIRECTION('',(-0.,0.,-1.));
#3089 = DIRECTION('',(-0.,-1.,0.));
#3090 = FACE_BOUND('',#3091,.F.);
#3091 = EDGE_LOOP('',(#3092));
#3092 = ORIENTED_EDGE('',*,*,#3093,.T.);
#3093 = EDGE_CURVE('',#3094,#3094,#3096,.T.);
#3094 = VERTEX_POINT('',#3095);
#3095 = CARTESIAN_POINT('',(128.41,-89.5831,0.));
#3096 = CIRCLE('',#3097,0.6985);
#3097 = AXIS2_PLACEMENT_3D('',#3098,#3099,#3100);
#3098 = CARTESIAN_POINT('',(128.41,-88.8846,0.));
#3099 = DIRECTION('',(-0.,0.,-1.));
#3100 = DIRECTION('',(-0.,-1.,0.));
#3101 = FACE_BOUND('',#3102,.F.);
#3102 = EDGE_LOOP('',(#3103));
#3103 = ORIENTED_EDGE('',*,*,#3104,.T.);
#3104 = EDGE_CURVE('',#3105,#3105,#3107,.T.);
#3105 = VERTEX_POINT('',#3106);
#3106 = CARTESIAN_POINT('',(123.34,-84.5185,0.));
#3107 = CIRCLE('',#3108,0.6985);
#3108 = AXIS2_PLACEMENT_3D('',#3109,#3110,#3111);
#3109 = CARTESIAN_POINT('',(123.34,-83.82,0.));
#3110 = DIRECTION('',(-0.,0.,-1.));
#3111 = DIRECTION('',(-0.,-1.,0.));
#3112 = FACE_BOUND('',#3113,.F.);
#3113 = EDGE_LOOP('',(#3114));
#3114 = ORIENTED_EDGE('',*,*,#3115,.T.);
#3115 = EDGE_CURVE('',#3116,#3116,#3118,.T.);
#3116 = VERTEX_POINT('',#3117);
#3117 = CARTESIAN_POINT('',(128.4454,-84.5185,0.));
#3118 = CIRCLE('',#3119,0.6985);
#3119 = AXIS2_PLACEMENT_3D('',#3120,#3121,#3122);
#3120 = CARTESIAN_POINT('',(128.4454,-83.82,0.));
#3121 = DIRECTION('',(-0.,0.,-1.));
#3122 = DIRECTION('',(-0.,-1.,0.));
#3123 = FACE_BOUND('',#3124,.F.);
#3124 = EDGE_LOOP('',(#3125));
#3125 = ORIENTED_EDGE('',*,*,#3126,.T.);
#3126 = EDGE_CURVE('',#3127,#3127,#3129,.T.);
#3127 = VERTEX_POINT('',#3128);
#3128 = CARTESIAN_POINT('',(125.8927,-82.0166,0.));
#3129 = CIRCLE('',#3130,0.7493);
#3130 = AXIS2_PLACEMENT_3D('',#3131,#3132,#3133);
#3131 = CARTESIAN_POINT('',(125.8927,-81.2673,0.));
#3132 = DIRECTION('',(-0.,0.,-1.));
#3133 = DIRECTION('',(1.89655074272E-14,-1.,-0.));
#3134 = FACE_BOUND('',#3135,.F.);
#3135 = EDGE_LOOP('',(#3136));
#3136 = ORIENTED_EDGE('',*,*,#3137,.T.);
#3137 = EDGE_CURVE('',#3138,#3138,#3140,.T.);
#3138 = VERTEX_POINT('',#3139);
#3139 = CARTESIAN_POINT('',(101.1973,-71.8712,0.));
#3140 = CIRCLE('',#3141,0.6985);
#3141 = AXIS2_PLACEMENT_3D('',#3142,#3143,#3144);
#3142 = CARTESIAN_POINT('',(101.1973,-71.1727,0.));
#3143 = DIRECTION('',(-0.,0.,-1.));
#3144 = DIRECTION('',(-0.,-1.,0.));
#3145 = FACE_BOUND('',#3146,.F.);
#3146 = EDGE_LOOP('',(#3147));
#3147 = ORIENTED_EDGE('',*,*,#3148,.T.);
#3148 = EDGE_CURVE('',#3149,#3149,#3151,.T.);
#3149 = VERTEX_POINT('',#3150);
#3150 = CARTESIAN_POINT('',(106.3027,-71.8712,0.));
#3151 = CIRCLE('',#3152,0.6985);
#3152 = AXIS2_PLACEMENT_3D('',#3153,#3154,#3155);
#3153 = CARTESIAN_POINT('',(106.3027,-71.1727,0.));
#3154 = DIRECTION('',(-0.,0.,-1.));
#3155 = DIRECTION('',(-0.,-1.,0.));
#3156 = FACE_BOUND('',#3157,.F.);
#3157 = EDGE_LOOP('',(#3158));
#3158 = ORIENTED_EDGE('',*,*,#3159,.T.);
#3159 = EDGE_CURVE('',#3160,#3160,#3162,.T.);
#3160 = VERTEX_POINT('',#3161);
#3161 = CARTESIAN_POINT('',(103.75,-69.3693,0.));
#3162 = CIRCLE('',#3163,0.7493);
#3163 = AXIS2_PLACEMENT_3D('',#3164,#3165,#3166);
#3164 = CARTESIAN_POINT('',(103.75,-68.62,0.));
#3165 = DIRECTION('',(-0.,0.,-1.));
#3166 = DIRECTION('',(-0.,-1.,0.));
#3167 = FACE_BOUND('',#3168,.F.);
#3168 = EDGE_LOOP('',(#3169));
#3169 = ORIENTED_EDGE('',*,*,#3170,.T.);
#3170 = EDGE_CURVE('',#3171,#3171,#3173,.T.);
#3171 = VERTEX_POINT('',#3172);
#3172 = CARTESIAN_POINT('',(101.1973,-66.7658,0.));
#3173 = CIRCLE('',#3174,0.6985);
#3174 = AXIS2_PLACEMENT_3D('',#3175,#3176,#3177);
#3175 = CARTESIAN_POINT('',(101.1973,-66.0673,0.));
#3176 = DIRECTION('',(-0.,0.,-1.));
#3177 = DIRECTION('',(-0.,-1.,0.));
#3178 = FACE_BOUND('',#3179,.F.);
#3179 = EDGE_LOOP('',(#3180));
#3180 = ORIENTED_EDGE('',*,*,#3181,.T.);
#3181 = EDGE_CURVE('',#3182,#3182,#3184,.T.);
#3182 = VERTEX_POINT('',#3183);
#3183 = CARTESIAN_POINT('',(106.3027,-66.7658,0.));
#3184 = CIRCLE('',#3185,0.6985);
#3185 = AXIS2_PLACEMENT_3D('',#3186,#3187,#3188);
#3186 = CARTESIAN_POINT('',(106.3027,-66.0673,0.));
#3187 = DIRECTION('',(-0.,0.,-1.));
#3188 = DIRECTION('',(-0.,-1.,0.));
#3189 = FACE_BOUND('',#3190,.F.);
#3190 = EDGE_LOOP('',(#3191));
#3191 = ORIENTED_EDGE('',*,*,#3192,.T.);
#3192 = EDGE_CURVE('',#3193,#3193,#3195,.T.);
#3193 = VERTEX_POINT('',#3194);
#3194 = CARTESIAN_POINT('',(111.3973,-71.8739,0.));
#3195 = CIRCLE('',#3196,0.6985);
#3196 = AXIS2_PLACEMENT_3D('',#3197,#3198,#3199);
#3197 = CARTESIAN_POINT('',(111.3973,-71.1754,0.));
#3198 = DIRECTION('',(-0.,0.,-1.));
#3199 = DIRECTION('',(-0.,-1.,0.));
#3200 = FACE_BOUND('',#3201,.F.);
#3201 = EDGE_LOOP('',(#3202));
#3202 = ORIENTED_EDGE('',*,*,#3203,.T.);
#3203 = EDGE_CURVE('',#3204,#3204,#3206,.T.);
#3204 = VERTEX_POINT('',#3205);
#3205 = CARTESIAN_POINT('',(113.95,-69.372,0.));
#3206 = CIRCLE('',#3207,0.7493);
#3207 = AXIS2_PLACEMENT_3D('',#3208,#3209,#3210);
#3208 = CARTESIAN_POINT('',(113.95,-68.6227,0.));
#3209 = DIRECTION('',(-0.,0.,-1.));
#3210 = DIRECTION('',(1.89655074272E-14,-1.,-0.));
#3211 = FACE_BOUND('',#3212,.F.);
#3212 = EDGE_LOOP('',(#3213));
#3213 = ORIENTED_EDGE('',*,*,#3214,.T.);
#3214 = EDGE_CURVE('',#3215,#3215,#3217,.T.);
#3215 = VERTEX_POINT('',#3216);
#3216 = CARTESIAN_POINT('',(111.3973,-66.7685,0.));
#3217 = CIRCLE('',#3218,0.6985);
#3218 = AXIS2_PLACEMENT_3D('',#3219,#3220,#3221);
#3219 = CARTESIAN_POINT('',(111.3973,-66.07,0.));
#3220 = DIRECTION('',(-0.,0.,-1.));
#3221 = DIRECTION('',(-0.,-1.,0.));
#3222 = FACE_BOUND('',#3223,.F.);
#3223 = EDGE_LOOP('',(#3224));
#3224 = ORIENTED_EDGE('',*,*,#3225,.T.);
#3225 = EDGE_CURVE('',#3226,#3226,#3228,.T.);
#3226 = VERTEX_POINT('',#3227);
#3227 = CARTESIAN_POINT('',(123.34,-79.4131,0.));
#3228 = CIRCLE('',#3229,0.6985);
#3229 = AXIS2_PLACEMENT_3D('',#3230,#3231,#3232);
#3230 = CARTESIAN_POINT('',(123.34,-78.7146,0.));
#3231 = DIRECTION('',(-0.,0.,-1.));
#3232 = DIRECTION('',(-0.,-1.,0.));
#3233 = FACE_BOUND('',#3234,.F.);
#3234 = EDGE_LOOP('',(#3235));
#3235 = ORIENTED_EDGE('',*,*,#3236,.T.);
#3236 = EDGE_CURVE('',#3237,#3237,#3239,.T.);
#3237 = VERTEX_POINT('',#3238);
#3238 = CARTESIAN_POINT('',(128.4454,-79.4131,0.));
#3239 = CIRCLE('',#3240,0.6985);
#3240 = AXIS2_PLACEMENT_3D('',#3241,#3242,#3243);
#3241 = CARTESIAN_POINT('',(128.4454,-78.7146,0.));
#3242 = DIRECTION('',(-0.,0.,-1.));
#3243 = DIRECTION('',(-0.,-1.,0.));
#3244 = FACE_BOUND('',#3245,.F.);
#3245 = EDGE_LOOP('',(#3246));
#3246 = ORIENTED_EDGE('',*,*,#3247,.T.);
#3247 = EDGE_CURVE('',#3248,#3248,#3250,.T.);
#3248 = VERTEX_POINT('',#3249);
#3249 = CARTESIAN_POINT('',(116.5027,-71.8739,0.));
#3250 = CIRCLE('',#3251,0.6985);
#3251 = AXIS2_PLACEMENT_3D('',#3252,#3253,#3254);
#3252 = CARTESIAN_POINT('',(116.5027,-71.1754,0.));
#3253 = DIRECTION('',(-0.,0.,-1.));
#3254 = DIRECTION('',(-0.,-1.,0.));
#3255 = FACE_BOUND('',#3256,.F.);
#3256 = EDGE_LOOP('',(#3257));
#3257 = ORIENTED_EDGE('',*,*,#3258,.T.);
#3258 = EDGE_CURVE('',#3259,#3259,#3261,.T.);
#3259 = VERTEX_POINT('',#3260);
#3260 = CARTESIAN_POINT('',(116.5027,-66.7685,0.));
#3261 = CIRCLE('',#3262,0.6985);
#3262 = AXIS2_PLACEMENT_3D('',#3263,#3264,#3265);
#3263 = CARTESIAN_POINT('',(116.5027,-66.07,0.));
#3264 = DIRECTION('',(-0.,0.,-1.));
#3265 = DIRECTION('',(-0.,-1.,0.));
#3266 = PLANE('',#3267);
#3267 = AXIS2_PLACEMENT_3D('',#3268,#3269,#3270);
#3268 = CARTESIAN_POINT('',(0.,0.,0.));
#3269 = DIRECTION('',(0.,0.,1.));
#3270 = DIRECTION('',(1.,0.,-0.));
#3271 = ADVANCED_FACE('',(#3272,#3283,#3294,#3305,#3316,#3327,#3338,
    #3349,#3360,#3371,#3382,#3393,#3404,#3415,#3426,#3437,#3448,#3459,
    #3470,#3481,#3492,#3503,#3514,#3525,#3536,#3547,#3558,#3569,#3580,
    #3591,#3602,#3613,#3624),#3635,.T.);
#3272 = FACE_BOUND('',#3273,.T.);
#3273 = EDGE_LOOP('',(#3274,#3275,#3276,#3282));
#3274 = ORIENTED_EDGE('',*,*,#2814,.F.);
#3275 = ORIENTED_EDGE('',*,*,#2854,.F.);
#3276 = ORIENTED_EDGE('',*,*,#3277,.F.);
#3277 = EDGE_CURVE('',#2877,#2847,#3278,.T.);
#3278 = LINE('',#3279,#3280);
#3279 = CARTESIAN_POINT('',(80.5,-64.7,1.51));
#3280 = VECTOR('',#3281,1.);
#3281 = DIRECTION('',(1.,0.,0.));
#3282 = ORIENTED_EDGE('',*,*,#2876,.F.);
#3283 = FACE_BOUND('',#3284,.T.);
#3284 = EDGE_LOOP('',(#3285));
#3285 = ORIENTED_EDGE('',*,*,#3286,.T.);
#3286 = EDGE_CURVE('',#3287,#3287,#3289,.T.);
#3287 = VERTEX_POINT('',#3288);
#3288 = CARTESIAN_POINT('',(106.64,-89.91,1.51));
#3289 = CIRCLE('',#3290,9.999999999999E-02);
#3290 = AXIS2_PLACEMENT_3D('',#3291,#3292,#3293);
#3291 = CARTESIAN_POINT('',(106.64,-89.81,1.51));
#3292 = DIRECTION('',(-0.,0.,-1.));
#3293 = DIRECTION('',(-0.,-1.,0.));
#3294 = FACE_BOUND('',#3295,.T.);
#3295 = EDGE_LOOP('',(#3296));
#3296 = ORIENTED_EDGE('',*,*,#3297,.T.);
#3297 = EDGE_CURVE('',#3298,#3298,#3300,.T.);
#3298 = VERTEX_POINT('',#3299);
#3299 = CARTESIAN_POINT('',(105.37,-88.64,1.51));
#3300 = CIRCLE('',#3301,1.E-01);
#3301 = AXIS2_PLACEMENT_3D('',#3302,#3303,#3304);
#3302 = CARTESIAN_POINT('',(105.37,-88.54,1.51));
#3303 = DIRECTION('',(-0.,0.,-1.));
#3304 = DIRECTION('',(-0.,-1.,0.));
#3305 = FACE_BOUND('',#3306,.T.);
#3306 = EDGE_LOOP('',(#3307));
#3307 = ORIENTED_EDGE('',*,*,#3308,.T.);
#3308 = EDGE_CURVE('',#3309,#3309,#3311,.T.);
#3309 = VERTEX_POINT('',#3310);
#3310 = CARTESIAN_POINT('',(106.64,-88.64,1.51));
#3311 = CIRCLE('',#3312,9.999999999999E-02);
#3312 = AXIS2_PLACEMENT_3D('',#3313,#3314,#3315);
#3313 = CARTESIAN_POINT('',(106.64,-88.54,1.51));
#3314 = DIRECTION('',(-0.,0.,-1.));
#3315 = DIRECTION('',(-0.,-1.,0.));
#3316 = FACE_BOUND('',#3317,.T.);
#3317 = EDGE_LOOP('',(#3318));
#3318 = ORIENTED_EDGE('',*,*,#3319,.T.);
#3319 = EDGE_CURVE('',#3320,#3320,#3322,.T.);
#3320 = VERTEX_POINT('',#3321);
#3321 = CARTESIAN_POINT('',(108.1,-89.91,1.51));
#3322 = CIRCLE('',#3323,0.1);
#3323 = AXIS2_PLACEMENT_3D('',#3324,#3325,#3326);
#3324 = CARTESIAN_POINT('',(108.1,-89.81,1.51));
#3325 = DIRECTION('',(-0.,0.,-1.));
#3326 = DIRECTION('',(-0.,-1.,0.));
#3327 = FACE_BOUND('',#3328,.T.);
#3328 = EDGE_LOOP('',(#3329));
#3329 = ORIENTED_EDGE('',*,*,#3330,.T.);
#3330 = EDGE_CURVE('',#3331,#3331,#3333,.T.);
#3331 = VERTEX_POINT('',#3332);
#3332 = CARTESIAN_POINT('',(108.1,-88.64,1.51));
#3333 = CIRCLE('',#3334,0.1);
#3334 = AXIS2_PLACEMENT_3D('',#3335,#3336,#3337);
#3335 = CARTESIAN_POINT('',(108.1,-88.54,1.51));
#3336 = DIRECTION('',(-0.,0.,-1.));
#3337 = DIRECTION('',(-0.,-1.,0.));
#3338 = FACE_BOUND('',#3339,.T.);
#3339 = EDGE_LOOP('',(#3340));
#3340 = ORIENTED_EDGE('',*,*,#3341,.T.);
#3341 = EDGE_CURVE('',#3342,#3342,#3344,.T.);
#3342 = VERTEX_POINT('',#3343);
#3343 = CARTESIAN_POINT('',(109.37,-88.64,1.51));
#3344 = CIRCLE('',#3345,1.E-01);
#3345 = AXIS2_PLACEMENT_3D('',#3346,#3347,#3348);
#3346 = CARTESIAN_POINT('',(109.37,-88.54,1.51));
#3347 = DIRECTION('',(-0.,0.,-1.));
#3348 = DIRECTION('',(-0.,-1.,0.));
#3349 = FACE_BOUND('',#3350,.T.);
#3350 = EDGE_LOOP('',(#3351));
#3351 = ORIENTED_EDGE('',*,*,#3352,.T.);
#3352 = EDGE_CURVE('',#3353,#3353,#3355,.T.);
#3353 = VERTEX_POINT('',#3354);
#3354 = CARTESIAN_POINT('',(105.37,-87.18,1.51));
#3355 = CIRCLE('',#3356,1.E-01);
#3356 = AXIS2_PLACEMENT_3D('',#3357,#3358,#3359);
#3357 = CARTESIAN_POINT('',(105.37,-87.08,1.51));
#3358 = DIRECTION('',(-0.,0.,-1.));
#3359 = DIRECTION('',(-0.,-1.,0.));
#3360 = FACE_BOUND('',#3361,.T.);
#3361 = EDGE_LOOP('',(#3362));
#3362 = ORIENTED_EDGE('',*,*,#3363,.T.);
#3363 = EDGE_CURVE('',#3364,#3364,#3366,.T.);
#3364 = VERTEX_POINT('',#3365);
#3365 = CARTESIAN_POINT('',(106.64,-87.18,1.51));
#3366 = CIRCLE('',#3367,9.999999999999E-02);
#3367 = AXIS2_PLACEMENT_3D('',#3368,#3369,#3370);
#3368 = CARTESIAN_POINT('',(106.64,-87.08,1.51));
#3369 = DIRECTION('',(-0.,0.,-1.));
#3370 = DIRECTION('',(-0.,-1.,0.));
#3371 = FACE_BOUND('',#3372,.T.);
#3372 = EDGE_LOOP('',(#3373));
#3373 = ORIENTED_EDGE('',*,*,#3374,.T.);
#3374 = EDGE_CURVE('',#3375,#3375,#3377,.T.);
#3375 = VERTEX_POINT('',#3376);
#3376 = CARTESIAN_POINT('',(106.64,-85.91,1.51));
#3377 = CIRCLE('',#3378,9.999999999999E-02);
#3378 = AXIS2_PLACEMENT_3D('',#3379,#3380,#3381);
#3379 = CARTESIAN_POINT('',(106.64,-85.81,1.51));
#3380 = DIRECTION('',(-0.,0.,-1.));
#3381 = DIRECTION('',(-0.,-1.,0.));
#3382 = FACE_BOUND('',#3383,.T.);
#3383 = EDGE_LOOP('',(#3384));
#3384 = ORIENTED_EDGE('',*,*,#3385,.T.);
#3385 = EDGE_CURVE('',#3386,#3386,#3388,.T.);
#3386 = VERTEX_POINT('',#3387);
#3387 = CARTESIAN_POINT('',(108.1,-87.18,1.51));
#3388 = CIRCLE('',#3389,0.1);
#3389 = AXIS2_PLACEMENT_3D('',#3390,#3391,#3392);
#3390 = CARTESIAN_POINT('',(108.1,-87.08,1.51));
#3391 = DIRECTION('',(-0.,0.,-1.));
#3392 = DIRECTION('',(-0.,-1.,0.));
#3393 = FACE_BOUND('',#3394,.T.);
#3394 = EDGE_LOOP('',(#3395));
#3395 = ORIENTED_EDGE('',*,*,#3396,.T.);
#3396 = EDGE_CURVE('',#3397,#3397,#3399,.T.);
#3397 = VERTEX_POINT('',#3398);
#3398 = CARTESIAN_POINT('',(109.37,-87.18,1.51));
#3399 = CIRCLE('',#3400,1.E-01);
#3400 = AXIS2_PLACEMENT_3D('',#3401,#3402,#3403);
#3401 = CARTESIAN_POINT('',(109.37,-87.08,1.51));
#3402 = DIRECTION('',(-0.,0.,-1.));
#3403 = DIRECTION('',(-0.,-1.,0.));
#3404 = FACE_BOUND('',#3405,.T.);
#3405 = EDGE_LOOP('',(#3406));
#3406 = ORIENTED_EDGE('',*,*,#3407,.T.);
#3407 = EDGE_CURVE('',#3408,#3408,#3410,.T.);
#3408 = VERTEX_POINT('',#3409);
#3409 = CARTESIAN_POINT('',(108.1,-85.91,1.51));
#3410 = CIRCLE('',#3411,0.1);
#3411 = AXIS2_PLACEMENT_3D('',#3412,#3413,#3414);
#3412 = CARTESIAN_POINT('',(108.1,-85.81,1.51));
#3413 = DIRECTION('',(-0.,0.,-1.));
#3414 = DIRECTION('',(-0.,-1.,0.));
#3415 = FACE_BOUND('',#3416,.T.);
#3416 = EDGE_LOOP('',(#3417));
#3417 = ORIENTED_EDGE('',*,*,#3418,.T.);
#3418 = EDGE_CURVE('',#3419,#3419,#3421,.T.);
#3419 = VERTEX_POINT('',#3420);
#3420 = CARTESIAN_POINT('',(123.3046,-94.6885,1.51));
#3421 = CIRCLE('',#3422,0.6985);
#3422 = AXIS2_PLACEMENT_3D('',#3423,#3424,#3425);
#3423 = CARTESIAN_POINT('',(123.3046,-93.99,1.51));
#3424 = DIRECTION('',(-0.,0.,-1.));
#3425 = DIRECTION('',(-0.,-1.,0.));
#3426 = FACE_BOUND('',#3427,.T.);
#3427 = EDGE_LOOP('',(#3428));
#3428 = ORIENTED_EDGE('',*,*,#3429,.T.);
#3429 = EDGE_CURVE('',#3430,#3430,#3432,.T.);
#3430 = VERTEX_POINT('',#3431);
#3431 = CARTESIAN_POINT('',(128.41,-94.6885,1.51));
#3432 = CIRCLE('',#3433,0.6985);
#3433 = AXIS2_PLACEMENT_3D('',#3434,#3435,#3436);
#3434 = CARTESIAN_POINT('',(128.41,-93.99,1.51));
#3435 = DIRECTION('',(-0.,0.,-1.));
#3436 = DIRECTION('',(-0.,-1.,0.));
#3437 = FACE_BOUND('',#3438,.T.);
#3438 = EDGE_LOOP('',(#3439));
#3439 = ORIENTED_EDGE('',*,*,#3440,.T.);
#3440 = EDGE_CURVE('',#3441,#3441,#3443,.T.);
#3441 = VERTEX_POINT('',#3442);
#3442 = CARTESIAN_POINT('',(125.8573,-92.1866,1.51));
#3443 = CIRCLE('',#3444,0.7493);
#3444 = AXIS2_PLACEMENT_3D('',#3445,#3446,#3447);
#3445 = CARTESIAN_POINT('',(125.8573,-91.4373,1.51));
#3446 = DIRECTION('',(-0.,0.,-1.));
#3447 = DIRECTION('',(-1.89655074272E-14,-1.,0.));
#3448 = FACE_BOUND('',#3449,.T.);
#3449 = EDGE_LOOP('',(#3450));
#3450 = ORIENTED_EDGE('',*,*,#3451,.T.);
#3451 = EDGE_CURVE('',#3452,#3452,#3454,.T.);
#3452 = VERTEX_POINT('',#3453);
#3453 = CARTESIAN_POINT('',(123.3046,-89.5831,1.51));
#3454 = CIRCLE('',#3455,0.6985);
#3455 = AXIS2_PLACEMENT_3D('',#3456,#3457,#3458);
#3456 = CARTESIAN_POINT('',(123.3046,-88.8846,1.51));
#3457 = DIRECTION('',(-0.,0.,-1.));
#3458 = DIRECTION('',(-0.,-1.,0.));
#3459 = FACE_BOUND('',#3460,.T.);
#3460 = EDGE_LOOP('',(#3461));
#3461 = ORIENTED_EDGE('',*,*,#3462,.T.);
#3462 = EDGE_CURVE('',#3463,#3463,#3465,.T.);
#3463 = VERTEX_POINT('',#3464);
#3464 = CARTESIAN_POINT('',(128.41,-89.5831,1.51));
#3465 = CIRCLE('',#3466,0.6985);
#3466 = AXIS2_PLACEMENT_3D('',#3467,#3468,#3469);
#3467 = CARTESIAN_POINT('',(128.41,-88.8846,1.51));
#3468 = DIRECTION('',(-0.,0.,-1.));
#3469 = DIRECTION('',(-0.,-1.,0.));
#3470 = FACE_BOUND('',#3471,.T.);
#3471 = EDGE_LOOP('',(#3472));
#3472 = ORIENTED_EDGE('',*,*,#3473,.T.);
#3473 = EDGE_CURVE('',#3474,#3474,#3476,.T.);
#3474 = VERTEX_POINT('',#3475);
#3475 = CARTESIAN_POINT('',(123.34,-84.5185,1.51));
#3476 = CIRCLE('',#3477,0.6985);
#3477 = AXIS2_PLACEMENT_3D('',#3478,#3479,#3480);
#3478 = CARTESIAN_POINT('',(123.34,-83.82,1.51));
#3479 = DIRECTION('',(-0.,0.,-1.));
#3480 = DIRECTION('',(-0.,-1.,0.));
#3481 = FACE_BOUND('',#3482,.T.);
#3482 = EDGE_LOOP('',(#3483));
#3483 = ORIENTED_EDGE('',*,*,#3484,.T.);
#3484 = EDGE_CURVE('',#3485,#3485,#3487,.T.);
#3485 = VERTEX_POINT('',#3486);
#3486 = CARTESIAN_POINT('',(128.4454,-84.5185,1.51));
#3487 = CIRCLE('',#3488,0.6985);
#3488 = AXIS2_PLACEMENT_3D('',#3489,#3490,#3491);
#3489 = CARTESIAN_POINT('',(128.4454,-83.82,1.51));
#3490 = DIRECTION('',(-0.,0.,-1.));
#3491 = DIRECTION('',(-0.,-1.,0.));
#3492 = FACE_BOUND('',#3493,.T.);
#3493 = EDGE_LOOP('',(#3494));
#3494 = ORIENTED_EDGE('',*,*,#3495,.T.);
#3495 = EDGE_CURVE('',#3496,#3496,#3498,.T.);
#3496 = VERTEX_POINT('',#3497);
#3497 = CARTESIAN_POINT('',(125.8927,-82.0166,1.51));
#3498 = CIRCLE('',#3499,0.7493);
#3499 = AXIS2_PLACEMENT_3D('',#3500,#3501,#3502);
#3500 = CARTESIAN_POINT('',(125.8927,-81.2673,1.51));
#3501 = DIRECTION('',(-0.,0.,-1.));
#3502 = DIRECTION('',(1.89655074272E-14,-1.,-0.));
#3503 = FACE_BOUND('',#3504,.T.);
#3504 = EDGE_LOOP('',(#3505));
#3505 = ORIENTED_EDGE('',*,*,#3506,.T.);
#3506 = EDGE_CURVE('',#3507,#3507,#3509,.T.);
#3507 = VERTEX_POINT('',#3508);
#3508 = CARTESIAN_POINT('',(101.1973,-71.8712,1.51));
#3509 = CIRCLE('',#3510,0.6985);
#3510 = AXIS2_PLACEMENT_3D('',#3511,#3512,#3513);
#3511 = CARTESIAN_POINT('',(101.1973,-71.1727,1.51));
#3512 = DIRECTION('',(-0.,0.,-1.));
#3513 = DIRECTION('',(-0.,-1.,0.));
#3514 = FACE_BOUND('',#3515,.T.);
#3515 = EDGE_LOOP('',(#3516));
#3516 = ORIENTED_EDGE('',*,*,#3517,.T.);
#3517 = EDGE_CURVE('',#3518,#3518,#3520,.T.);
#3518 = VERTEX_POINT('',#3519);
#3519 = CARTESIAN_POINT('',(106.3027,-71.8712,1.51));
#3520 = CIRCLE('',#3521,0.6985);
#3521 = AXIS2_PLACEMENT_3D('',#3522,#3523,#3524);
#3522 = CARTESIAN_POINT('',(106.3027,-71.1727,1.51));
#3523 = DIRECTION('',(-0.,0.,-1.));
#3524 = DIRECTION('',(-0.,-1.,0.));
#3525 = FACE_BOUND('',#3526,.T.);
#3526 = EDGE_LOOP('',(#3527));
#3527 = ORIENTED_EDGE('',*,*,#3528,.T.);
#3528 = EDGE_CURVE('',#3529,#3529,#3531,.T.);
#3529 = VERTEX_POINT('',#3530);
#3530 = CARTESIAN_POINT('',(103.75,-69.3693,1.51));
#3531 = CIRCLE('',#3532,0.7493);
#3532 = AXIS2_PLACEMENT_3D('',#3533,#3534,#3535);
#3533 = CARTESIAN_POINT('',(103.75,-68.62,1.51));
#3534 = DIRECTION('',(-0.,0.,-1.));
#3535 = DIRECTION('',(-0.,-1.,0.));
#3536 = FACE_BOUND('',#3537,.T.);
#3537 = EDGE_LOOP('',(#3538));
#3538 = ORIENTED_EDGE('',*,*,#3539,.T.);
#3539 = EDGE_CURVE('',#3540,#3540,#3542,.T.);
#3540 = VERTEX_POINT('',#3541);
#3541 = CARTESIAN_POINT('',(101.1973,-66.7658,1.51));
#3542 = CIRCLE('',#3543,0.6985);
#3543 = AXIS2_PLACEMENT_3D('',#3544,#3545,#3546);
#3544 = CARTESIAN_POINT('',(101.1973,-66.0673,1.51));
#3545 = DIRECTION('',(-0.,0.,-1.));
#3546 = DIRECTION('',(-0.,-1.,0.));
#3547 = FACE_BOUND('',#3548,.T.);
#3548 = EDGE_LOOP('',(#3549));
#3549 = ORIENTED_EDGE('',*,*,#3550,.T.);
#3550 = EDGE_CURVE('',#3551,#3551,#3553,.T.);
#3551 = VERTEX_POINT('',#3552);
#3552 = CARTESIAN_POINT('',(106.3027,-66.7658,1.51));
#3553 = CIRCLE('',#3554,0.6985);
#3554 = AXIS2_PLACEMENT_3D('',#3555,#3556,#3557);
#3555 = CARTESIAN_POINT('',(106.3027,-66.0673,1.51));
#3556 = DIRECTION('',(-0.,0.,-1.));
#3557 = DIRECTION('',(-0.,-1.,0.));
#3558 = FACE_BOUND('',#3559,.T.);
#3559 = EDGE_LOOP('',(#3560));
#3560 = ORIENTED_EDGE('',*,*,#3561,.T.);
#3561 = EDGE_CURVE('',#3562,#3562,#3564,.T.);
#3562 = VERTEX_POINT('',#3563);
#3563 = CARTESIAN_POINT('',(111.3973,-71.8739,1.51));
#3564 = CIRCLE('',#3565,0.6985);
#3565 = AXIS2_PLACEMENT_3D('',#3566,#3567,#3568);
#3566 = CARTESIAN_POINT('',(111.3973,-71.1754,1.51));
#3567 = DIRECTION('',(-0.,0.,-1.));
#3568 = DIRECTION('',(-0.,-1.,0.));
#3569 = FACE_BOUND('',#3570,.T.);
#3570 = EDGE_LOOP('',(#3571));
#3571 = ORIENTED_EDGE('',*,*,#3572,.T.);
#3572 = EDGE_CURVE('',#3573,#3573,#3575,.T.);
#3573 = VERTEX_POINT('',#3574);
#3574 = CARTESIAN_POINT('',(113.95,-69.372,1.51));
#3575 = CIRCLE('',#3576,0.7493);
#3576 = AXIS2_PLACEMENT_3D('',#3577,#3578,#3579);
#3577 = CARTESIAN_POINT('',(113.95,-68.6227,1.51));
#3578 = DIRECTION('',(-0.,0.,-1.));
#3579 = DIRECTION('',(1.89655074272E-14,-1.,-0.));
#3580 = FACE_BOUND('',#3581,.T.);
#3581 = EDGE_LOOP('',(#3582));
#3582 = ORIENTED_EDGE('',*,*,#3583,.T.);
#3583 = EDGE_CURVE('',#3584,#3584,#3586,.T.);
#3584 = VERTEX_POINT('',#3585);
#3585 = CARTESIAN_POINT('',(111.3973,-66.7685,1.51));
#3586 = CIRCLE('',#3587,0.6985);
#3587 = AXIS2_PLACEMENT_3D('',#3588,#3589,#3590);
#3588 = CARTESIAN_POINT('',(111.3973,-66.07,1.51));
#3589 = DIRECTION('',(-0.,0.,-1.));
#3590 = DIRECTION('',(-0.,-1.,0.));
#3591 = FACE_BOUND('',#3592,.T.);
#3592 = EDGE_LOOP('',(#3593));
#3593 = ORIENTED_EDGE('',*,*,#3594,.T.);
#3594 = EDGE_CURVE('',#3595,#3595,#3597,.T.);
#3595 = VERTEX_POINT('',#3596);
#3596 = CARTESIAN_POINT('',(123.34,-79.4131,1.51));
#3597 = CIRCLE('',#3598,0.6985);
#3598 = AXIS2_PLACEMENT_3D('',#3599,#3600,#3601);
#3599 = CARTESIAN_POINT('',(123.34,-78.7146,1.51));
#3600 = DIRECTION('',(-0.,0.,-1.));
#3601 = DIRECTION('',(-0.,-1.,0.));
#3602 = FACE_BOUND('',#3603,.T.);
#3603 = EDGE_LOOP('',(#3604));
#3604 = ORIENTED_EDGE('',*,*,#3605,.T.);
#3605 = EDGE_CURVE('',#3606,#3606,#3608,.T.);
#3606 = VERTEX_POINT('',#3607);
#3607 = CARTESIAN_POINT('',(128.4454,-79.4131,1.51));
#3608 = CIRCLE('',#3609,0.6985);
#3609 = AXIS2_PLACEMENT_3D('',#3610,#3611,#3612);
#3610 = CARTESIAN_POINT('',(128.4454,-78.7146,1.51));
#3611 = DIRECTION('',(-0.,0.,-1.));
#3612 = DIRECTION('',(-0.,-1.,0.));
#3613 = FACE_BOUND('',#3614,.T.);
#3614 = EDGE_LOOP('',(#3615));
#3615 = ORIENTED_EDGE('',*,*,#3616,.T.);
#3616 = EDGE_CURVE('',#3617,#3617,#3619,.T.);
#3617 = VERTEX_POINT('',#3618);
#3618 = CARTESIAN_POINT('',(116.5027,-71.8739,1.51));
#3619 = CIRCLE('',#3620,0.6985);
#3620 = AXIS2_PLACEMENT_3D('',#3621,#3622,#3623);
#3621 = CARTESIAN_POINT('',(116.5027,-71.1754,1.51));
#3622 = DIRECTION('',(-0.,0.,-1.));
#3623 = DIRECTION('',(-0.,-1.,0.));
#3624 = FACE_BOUND('',#3625,.T.);
#3625 = EDGE_LOOP('',(#3626));
#3626 = ORIENTED_EDGE('',*,*,#3627,.T.);
#3627 = EDGE_CURVE('',#3628,#3628,#3630,.T.);
#3628 = VERTEX_POINT('',#3629);
#3629 = CARTESIAN_POINT('',(116.5027,-66.7685,1.51));
#3630 = CIRCLE('',#3631,0.6985);
#3631 = AXIS2_PLACEMENT_3D('',#3632,#3633,#3634);
#3632 = CARTESIAN_POINT('',(116.5027,-66.07,1.51));
#3633 = DIRECTION('',(-0.,0.,-1.));
#3634 = DIRECTION('',(-0.,-1.,0.));
#3635 = PLANE('',#3636);
#3636 = AXIS2_PLACEMENT_3D('',#3637,#3638,#3639);
#3637 = CARTESIAN_POINT('',(0.,0.,1.51));
#3638 = DIRECTION('',(0.,0.,1.));
#3639 = DIRECTION('',(1.,0.,-0.));
#3640 = ADVANCED_FACE('',(#3641),#3647,.T.);
#3641 = FACE_BOUND('',#3642,.T.);
#3642 = EDGE_LOOP('',(#3643,#3644,#3645,#3646));
#3643 = ORIENTED_EDGE('',*,*,#2884,.T.);
#3644 = ORIENTED_EDGE('',*,*,#3277,.T.);
#3645 = ORIENTED_EDGE('',*,*,#2844,.F.);
#3646 = ORIENTED_EDGE('',*,*,#2908,.F.);
#3647 = PLANE('',#3648);
#3648 = AXIS2_PLACEMENT_3D('',#3649,#3650,#3651);
#3649 = CARTESIAN_POINT('',(80.5,-64.7,0.));
#3650 = DIRECTION('',(0.,1.,0.));
#3651 = DIRECTION('',(1.,0.,0.));
#3652 = ADVANCED_FACE('',(#3653),#3664,.F.);
#3653 = FACE_BOUND('',#3654,.T.);
#3654 = EDGE_LOOP('',(#3655,#3656,#3662,#3663));
#3655 = ORIENTED_EDGE('',*,*,#2917,.T.);
#3656 = ORIENTED_EDGE('',*,*,#3657,.T.);
#3657 = EDGE_CURVE('',#2918,#3287,#3658,.T.);
#3658 = LINE('',#3659,#3660);
#3659 = CARTESIAN_POINT('',(106.64,-89.91,-4.6E-02));
#3660 = VECTOR('',#3661,1.);
#3661 = DIRECTION('',(0.,0.,1.));
#3662 = ORIENTED_EDGE('',*,*,#3286,.F.);
#3663 = ORIENTED_EDGE('',*,*,#3657,.F.);
#3664 = CYLINDRICAL_SURFACE('',#3665,9.999999999999E-02);
#3665 = AXIS2_PLACEMENT_3D('',#3666,#3667,#3668);
#3666 = CARTESIAN_POINT('',(106.64,-89.81,-4.6E-02));
#3667 = DIRECTION('',(-0.,-0.,-1.));
#3668 = DIRECTION('',(-0.,-1.,0.));
#3669 = ADVANCED_FACE('',(#3670),#3681,.F.);
#3670 = FACE_BOUND('',#3671,.T.);
#3671 = EDGE_LOOP('',(#3672,#3673,#3679,#3680));
#3672 = ORIENTED_EDGE('',*,*,#2928,.T.);
#3673 = ORIENTED_EDGE('',*,*,#3674,.T.);
#3674 = EDGE_CURVE('',#2929,#3298,#3675,.T.);
#3675 = LINE('',#3676,#3677);
#3676 = CARTESIAN_POINT('',(105.37,-88.64,-4.6E-02));
#3677 = VECTOR('',#3678,1.);
#3678 = DIRECTION('',(0.,0.,1.));
#3679 = ORIENTED_EDGE('',*,*,#3297,.F.);
#3680 = ORIENTED_EDGE('',*,*,#3674,.F.);
#3681 = CYLINDRICAL_SURFACE('',#3682,1.E-01);
#3682 = AXIS2_PLACEMENT_3D('',#3683,#3684,#3685);
#3683 = CARTESIAN_POINT('',(105.37,-88.54,-4.6E-02));
#3684 = DIRECTION('',(-0.,-0.,-1.));
#3685 = DIRECTION('',(-0.,-1.,0.));
#3686 = ADVANCED_FACE('',(#3687),#3698,.F.);
#3687 = FACE_BOUND('',#3688,.T.);
#3688 = EDGE_LOOP('',(#3689,#3690,#3696,#3697));
#3689 = ORIENTED_EDGE('',*,*,#2939,.T.);
#3690 = ORIENTED_EDGE('',*,*,#3691,.T.);
#3691 = EDGE_CURVE('',#2940,#3309,#3692,.T.);
#3692 = LINE('',#3693,#3694);
#3693 = CARTESIAN_POINT('',(106.64,-88.64,-4.6E-02));
#3694 = VECTOR('',#3695,1.);
#3695 = DIRECTION('',(0.,0.,1.));
#3696 = ORIENTED_EDGE('',*,*,#3308,.F.);
#3697 = ORIENTED_EDGE('',*,*,#3691,.F.);
#3698 = CYLINDRICAL_SURFACE('',#3699,9.999999999999E-02);
#3699 = AXIS2_PLACEMENT_3D('',#3700,#3701,#3702);
#3700 = CARTESIAN_POINT('',(106.64,-88.54,-4.6E-02));
#3701 = DIRECTION('',(-0.,-0.,-1.));
#3702 = DIRECTION('',(-0.,-1.,0.));
#3703 = ADVANCED_FACE('',(#3704),#3715,.F.);
#3704 = FACE_BOUND('',#3705,.T.);
#3705 = EDGE_LOOP('',(#3706,#3707,#3713,#3714));
#3706 = ORIENTED_EDGE('',*,*,#2950,.T.);
#3707 = ORIENTED_EDGE('',*,*,#3708,.T.);
#3708 = EDGE_CURVE('',#2951,#3320,#3709,.T.);
#3709 = LINE('',#3710,#3711);
#3710 = CARTESIAN_POINT('',(108.1,-89.91,-4.6E-02));
#3711 = VECTOR('',#3712,1.);
#3712 = DIRECTION('',(0.,0.,1.));
#3713 = ORIENTED_EDGE('',*,*,#3319,.F.);
#3714 = ORIENTED_EDGE('',*,*,#3708,.F.);
#3715 = CYLINDRICAL_SURFACE('',#3716,0.1);
#3716 = AXIS2_PLACEMENT_3D('',#3717,#3718,#3719);
#3717 = CARTESIAN_POINT('',(108.1,-89.81,-4.6E-02));
#3718 = DIRECTION('',(-0.,-0.,-1.));
#3719 = DIRECTION('',(-0.,-1.,0.));
#3720 = ADVANCED_FACE('',(#3721),#3732,.F.);
#3721 = FACE_BOUND('',#3722,.T.);
#3722 = EDGE_LOOP('',(#3723,#3724,#3730,#3731));
#3723 = ORIENTED_EDGE('',*,*,#2961,.T.);
#3724 = ORIENTED_EDGE('',*,*,#3725,.T.);
#3725 = EDGE_CURVE('',#2962,#3331,#3726,.T.);
#3726 = LINE('',#3727,#3728);
#3727 = CARTESIAN_POINT('',(108.1,-88.64,-4.6E-02));
#3728 = VECTOR('',#3729,1.);
#3729 = DIRECTION('',(0.,0.,1.));
#3730 = ORIENTED_EDGE('',*,*,#3330,.F.);
#3731 = ORIENTED_EDGE('',*,*,#3725,.F.);
#3732 = CYLINDRICAL_SURFACE('',#3733,0.1);
#3733 = AXIS2_PLACEMENT_3D('',#3734,#3735,#3736);
#3734 = CARTESIAN_POINT('',(108.1,-88.54,-4.6E-02));
#3735 = DIRECTION('',(-0.,-0.,-1.));
#3736 = DIRECTION('',(-0.,-1.,0.));
#3737 = ADVANCED_FACE('',(#3738),#3749,.F.);
#3738 = FACE_BOUND('',#3739,.T.);
#3739 = EDGE_LOOP('',(#3740,#3741,#3747,#3748));
#3740 = ORIENTED_EDGE('',*,*,#2972,.T.);
#3741 = ORIENTED_EDGE('',*,*,#3742,.T.);
#3742 = EDGE_CURVE('',#2973,#3342,#3743,.T.);
#3743 = LINE('',#3744,#3745);
#3744 = CARTESIAN_POINT('',(109.37,-88.64,-4.6E-02));
#3745 = VECTOR('',#3746,1.);
#3746 = DIRECTION('',(0.,0.,1.));
#3747 = ORIENTED_EDGE('',*,*,#3341,.F.);
#3748 = ORIENTED_EDGE('',*,*,#3742,.F.);
#3749 = CYLINDRICAL_SURFACE('',#3750,1.E-01);
#3750 = AXIS2_PLACEMENT_3D('',#3751,#3752,#3753);
#3751 = CARTESIAN_POINT('',(109.37,-88.54,-4.6E-02));
#3752 = DIRECTION('',(-0.,-0.,-1.));
#3753 = DIRECTION('',(-0.,-1.,0.));
#3754 = ADVANCED_FACE('',(#3755),#3766,.F.);
#3755 = FACE_BOUND('',#3756,.T.);
#3756 = EDGE_LOOP('',(#3757,#3758,#3764,#3765));
#3757 = ORIENTED_EDGE('',*,*,#2983,.T.);
#3758 = ORIENTED_EDGE('',*,*,#3759,.T.);
#3759 = EDGE_CURVE('',#2984,#3353,#3760,.T.);
#3760 = LINE('',#3761,#3762);
#3761 = CARTESIAN_POINT('',(105.37,-87.18,-4.6E-02));
#3762 = VECTOR('',#3763,1.);
#3763 = DIRECTION('',(0.,0.,1.));
#3764 = ORIENTED_EDGE('',*,*,#3352,.F.);
#3765 = ORIENTED_EDGE('',*,*,#3759,.F.);
#3766 = CYLINDRICAL_SURFACE('',#3767,1.E-01);
#3767 = AXIS2_PLACEMENT_3D('',#3768,#3769,#3770);
#3768 = CARTESIAN_POINT('',(105.37,-87.08,-4.6E-02));
#3769 = DIRECTION('',(-0.,-0.,-1.));
#3770 = DIRECTION('',(-0.,-1.,0.));
#3771 = ADVANCED_FACE('',(#3772),#3783,.F.);
#3772 = FACE_BOUND('',#3773,.T.);
#3773 = EDGE_LOOP('',(#3774,#3775,#3781,#3782));
#3774 = ORIENTED_EDGE('',*,*,#2994,.T.);
#3775 = ORIENTED_EDGE('',*,*,#3776,.T.);
#3776 = EDGE_CURVE('',#2995,#3364,#3777,.T.);
#3777 = LINE('',#3778,#3779);
#3778 = CARTESIAN_POINT('',(106.64,-87.18,-4.6E-02));
#3779 = VECTOR('',#3780,1.);
#3780 = DIRECTION('',(0.,0.,1.));
#3781 = ORIENTED_EDGE('',*,*,#3363,.F.);
#3782 = ORIENTED_EDGE('',*,*,#3776,.F.);
#3783 = CYLINDRICAL_SURFACE('',#3784,9.999999999999E-02);
#3784 = AXIS2_PLACEMENT_3D('',#3785,#3786,#3787);
#3785 = CARTESIAN_POINT('',(106.64,-87.08,-4.6E-02));
#3786 = DIRECTION('',(-0.,-0.,-1.));
#3787 = DIRECTION('',(-0.,-1.,0.));
#3788 = ADVANCED_FACE('',(#3789),#3800,.F.);
#3789 = FACE_BOUND('',#3790,.T.);
#3790 = EDGE_LOOP('',(#3791,#3792,#3798,#3799));
#3791 = ORIENTED_EDGE('',*,*,#3005,.T.);
#3792 = ORIENTED_EDGE('',*,*,#3793,.T.);
#3793 = EDGE_CURVE('',#3006,#3375,#3794,.T.);
#3794 = LINE('',#3795,#3796);
#3795 = CARTESIAN_POINT('',(106.64,-85.91,-4.6E-02));
#3796 = VECTOR('',#3797,1.);
#3797 = DIRECTION('',(0.,0.,1.));
#3798 = ORIENTED_EDGE('',*,*,#3374,.F.);
#3799 = ORIENTED_EDGE('',*,*,#3793,.F.);
#3800 = CYLINDRICAL_SURFACE('',#3801,9.999999999999E-02);
#3801 = AXIS2_PLACEMENT_3D('',#3802,#3803,#3804);
#3802 = CARTESIAN_POINT('',(106.64,-85.81,-4.6E-02));
#3803 = DIRECTION('',(-0.,-0.,-1.));
#3804 = DIRECTION('',(-0.,-1.,0.));
#3805 = ADVANCED_FACE('',(#3806),#3817,.F.);
#3806 = FACE_BOUND('',#3807,.T.);
#3807 = EDGE_LOOP('',(#3808,#3809,#3815,#3816));
#3808 = ORIENTED_EDGE('',*,*,#3016,.T.);
#3809 = ORIENTED_EDGE('',*,*,#3810,.T.);
#3810 = EDGE_CURVE('',#3017,#3386,#3811,.T.);
#3811 = LINE('',#3812,#3813);
#3812 = CARTESIAN_POINT('',(108.1,-87.18,-4.6E-02));
#3813 = VECTOR('',#3814,1.);
#3814 = DIRECTION('',(0.,0.,1.));
#3815 = ORIENTED_EDGE('',*,*,#3385,.F.);
#3816 = ORIENTED_EDGE('',*,*,#3810,.F.);
#3817 = CYLINDRICAL_SURFACE('',#3818,0.1);
#3818 = AXIS2_PLACEMENT_3D('',#3819,#3820,#3821);
#3819 = CARTESIAN_POINT('',(108.1,-87.08,-4.6E-02));
#3820 = DIRECTION('',(-0.,-0.,-1.));
#3821 = DIRECTION('',(-0.,-1.,0.));
#3822 = ADVANCED_FACE('',(#3823),#3834,.F.);
#3823 = FACE_BOUND('',#3824,.T.);
#3824 = EDGE_LOOP('',(#3825,#3826,#3832,#3833));
#3825 = ORIENTED_EDGE('',*,*,#3027,.T.);
#3826 = ORIENTED_EDGE('',*,*,#3827,.T.);
#3827 = EDGE_CURVE('',#3028,#3397,#3828,.T.);
#3828 = LINE('',#3829,#3830);
#3829 = CARTESIAN_POINT('',(109.37,-87.18,-4.6E-02));
#3830 = VECTOR('',#3831,1.);
#3831 = DIRECTION('',(0.,0.,1.));
#3832 = ORIENTED_EDGE('',*,*,#3396,.F.);
#3833 = ORIENTED_EDGE('',*,*,#3827,.F.);
#3834 = CYLINDRICAL_SURFACE('',#3835,1.E-01);
#3835 = AXIS2_PLACEMENT_3D('',#3836,#3837,#3838);
#3836 = CARTESIAN_POINT('',(109.37,-87.08,-4.6E-02));
#3837 = DIRECTION('',(-0.,-0.,-1.));
#3838 = DIRECTION('',(-0.,-1.,0.));
#3839 = ADVANCED_FACE('',(#3840),#3851,.F.);
#3840 = FACE_BOUND('',#3841,.T.);
#3841 = EDGE_LOOP('',(#3842,#3843,#3849,#3850));
#3842 = ORIENTED_EDGE('',*,*,#3038,.T.);
#3843 = ORIENTED_EDGE('',*,*,#3844,.T.);
#3844 = EDGE_CURVE('',#3039,#3408,#3845,.T.);
#3845 = LINE('',#3846,#3847);
#3846 = CARTESIAN_POINT('',(108.1,-85.91,-4.6E-02));
#3847 = VECTOR('',#3848,1.);
#3848 = DIRECTION('',(0.,0.,1.));
#3849 = ORIENTED_EDGE('',*,*,#3407,.F.);
#3850 = ORIENTED_EDGE('',*,*,#3844,.F.);
#3851 = CYLINDRICAL_SURFACE('',#3852,0.1);
#3852 = AXIS2_PLACEMENT_3D('',#3853,#3854,#3855);
#3853 = CARTESIAN_POINT('',(108.1,-85.81,-4.6E-02));
#3854 = DIRECTION('',(-0.,-0.,-1.));
#3855 = DIRECTION('',(-0.,-1.,0.));
#3856 = ADVANCED_FACE('',(#3857),#3868,.F.);
#3857 = FACE_BOUND('',#3858,.T.);
#3858 = EDGE_LOOP('',(#3859,#3860,#3866,#3867));
#3859 = ORIENTED_EDGE('',*,*,#3049,.T.);
#3860 = ORIENTED_EDGE('',*,*,#3861,.T.);
#3861 = EDGE_CURVE('',#3050,#3419,#3862,.T.);
#3862 = LINE('',#3863,#3864);
#3863 = CARTESIAN_POINT('',(123.3046,-94.6885,-4.6E-02));
#3864 = VECTOR('',#3865,1.);
#3865 = DIRECTION('',(0.,0.,1.));
#3866 = ORIENTED_EDGE('',*,*,#3418,.F.);
#3867 = ORIENTED_EDGE('',*,*,#3861,.F.);
#3868 = CYLINDRICAL_SURFACE('',#3869,0.6985);
#3869 = AXIS2_PLACEMENT_3D('',#3870,#3871,#3872);
#3870 = CARTESIAN_POINT('',(123.3046,-93.99,-4.6E-02));
#3871 = DIRECTION('',(-0.,-0.,-1.));
#3872 = DIRECTION('',(-0.,-1.,0.));
#3873 = ADVANCED_FACE('',(#3874),#3885,.F.);
#3874 = FACE_BOUND('',#3875,.T.);
#3875 = EDGE_LOOP('',(#3876,#3877,#3883,#3884));
#3876 = ORIENTED_EDGE('',*,*,#3060,.T.);
#3877 = ORIENTED_EDGE('',*,*,#3878,.T.);
#3878 = EDGE_CURVE('',#3061,#3430,#3879,.T.);
#3879 = LINE('',#3880,#3881);
#3880 = CARTESIAN_POINT('',(128.41,-94.6885,-4.6E-02));
#3881 = VECTOR('',#3882,1.);
#3882 = DIRECTION('',(0.,0.,1.));
#3883 = ORIENTED_EDGE('',*,*,#3429,.F.);
#3884 = ORIENTED_EDGE('',*,*,#3878,.F.);
#3885 = CYLINDRICAL_SURFACE('',#3886,0.6985);
#3886 = AXIS2_PLACEMENT_3D('',#3887,#3888,#3889);
#3887 = CARTESIAN_POINT('',(128.41,-93.99,-4.6E-02));
#3888 = DIRECTION('',(-0.,-0.,-1.));
#3889 = DIRECTION('',(-0.,-1.,0.));
#3890 = ADVANCED_FACE('',(#3891),#3902,.F.);
#3891 = FACE_BOUND('',#3892,.T.);
#3892 = EDGE_LOOP('',(#3893,#3894,#3900,#3901));
#3893 = ORIENTED_EDGE('',*,*,#3071,.T.);
#3894 = ORIENTED_EDGE('',*,*,#3895,.T.);
#3895 = EDGE_CURVE('',#3072,#3441,#3896,.T.);
#3896 = LINE('',#3897,#3898);
#3897 = CARTESIAN_POINT('',(125.8573,-92.1866,-4.6E-02));
#3898 = VECTOR('',#3899,1.);
#3899 = DIRECTION('',(0.,0.,1.));
#3900 = ORIENTED_EDGE('',*,*,#3440,.F.);
#3901 = ORIENTED_EDGE('',*,*,#3895,.F.);
#3902 = CYLINDRICAL_SURFACE('',#3903,0.7493);
#3903 = AXIS2_PLACEMENT_3D('',#3904,#3905,#3906);
#3904 = CARTESIAN_POINT('',(125.8573,-91.4373,-4.6E-02));
#3905 = DIRECTION('',(-0.,-0.,-1.));
#3906 = DIRECTION('',(-1.89655074272E-14,-1.,0.));
#3907 = ADVANCED_FACE('',(#3908),#3919,.F.);
#3908 = FACE_BOUND('',#3909,.T.);
#3909 = EDGE_LOOP('',(#3910,#3911,#3917,#3918));
#3910 = ORIENTED_EDGE('',*,*,#3082,.T.);
#3911 = ORIENTED_EDGE('',*,*,#3912,.T.);
#3912 = EDGE_CURVE('',#3083,#3452,#3913,.T.);
#3913 = LINE('',#3914,#3915);
#3914 = CARTESIAN_POINT('',(123.3046,-89.5831,-4.6E-02));
#3915 = VECTOR('',#3916,1.);
#3916 = DIRECTION('',(0.,0.,1.));
#3917 = ORIENTED_EDGE('',*,*,#3451,.F.);
#3918 = ORIENTED_EDGE('',*,*,#3912,.F.);
#3919 = CYLINDRICAL_SURFACE('',#3920,0.6985);
#3920 = AXIS2_PLACEMENT_3D('',#3921,#3922,#3923);
#3921 = CARTESIAN_POINT('',(123.3046,-88.8846,-4.6E-02));
#3922 = DIRECTION('',(-0.,-0.,-1.));
#3923 = DIRECTION('',(-0.,-1.,0.));
#3924 = ADVANCED_FACE('',(#3925),#3936,.F.);
#3925 = FACE_BOUND('',#3926,.T.);
#3926 = EDGE_LOOP('',(#3927,#3928,#3934,#3935));
#3927 = ORIENTED_EDGE('',*,*,#3093,.T.);
#3928 = ORIENTED_EDGE('',*,*,#3929,.T.);
#3929 = EDGE_CURVE('',#3094,#3463,#3930,.T.);
#3930 = LINE('',#3931,#3932);
#3931 = CARTESIAN_POINT('',(128.41,-89.5831,-4.6E-02));
#3932 = VECTOR('',#3933,1.);
#3933 = DIRECTION('',(0.,0.,1.));
#3934 = ORIENTED_EDGE('',*,*,#3462,.F.);
#3935 = ORIENTED_EDGE('',*,*,#3929,.F.);
#3936 = CYLINDRICAL_SURFACE('',#3937,0.6985);
#3937 = AXIS2_PLACEMENT_3D('',#3938,#3939,#3940);
#3938 = CARTESIAN_POINT('',(128.41,-88.8846,-4.6E-02));
#3939 = DIRECTION('',(-0.,-0.,-1.));
#3940 = DIRECTION('',(-0.,-1.,0.));
#3941 = ADVANCED_FACE('',(#3942),#3953,.F.);
#3942 = FACE_BOUND('',#3943,.T.);
#3943 = EDGE_LOOP('',(#3944,#3945,#3951,#3952));
#3944 = ORIENTED_EDGE('',*,*,#3104,.T.);
#3945 = ORIENTED_EDGE('',*,*,#3946,.T.);
#3946 = EDGE_CURVE('',#3105,#3474,#3947,.T.);
#3947 = LINE('',#3948,#3949);
#3948 = CARTESIAN_POINT('',(123.34,-84.5185,-4.6E-02));
#3949 = VECTOR('',#3950,1.);
#3950 = DIRECTION('',(0.,0.,1.));
#3951 = ORIENTED_EDGE('',*,*,#3473,.F.);
#3952 = ORIENTED_EDGE('',*,*,#3946,.F.);
#3953 = CYLINDRICAL_SURFACE('',#3954,0.6985);
#3954 = AXIS2_PLACEMENT_3D('',#3955,#3956,#3957);
#3955 = CARTESIAN_POINT('',(123.34,-83.82,-4.6E-02));
#3956 = DIRECTION('',(-0.,-0.,-1.));
#3957 = DIRECTION('',(-0.,-1.,0.));
#3958 = ADVANCED_FACE('',(#3959),#3970,.F.);
#3959 = FACE_BOUND('',#3960,.T.);
#3960 = EDGE_LOOP('',(#3961,#3962,#3968,#3969));
#3961 = ORIENTED_EDGE('',*,*,#3115,.T.);
#3962 = ORIENTED_EDGE('',*,*,#3963,.T.);
#3963 = EDGE_CURVE('',#3116,#3485,#3964,.T.);
#3964 = LINE('',#3965,#3966);
#3965 = CARTESIAN_POINT('',(128.4454,-84.5185,-4.6E-02));
#3966 = VECTOR('',#3967,1.);
#3967 = DIRECTION('',(0.,0.,1.));
#3968 = ORIENTED_EDGE('',*,*,#3484,.F.);
#3969 = ORIENTED_EDGE('',*,*,#3963,.F.);
#3970 = CYLINDRICAL_SURFACE('',#3971,0.6985);
#3971 = AXIS2_PLACEMENT_3D('',#3972,#3973,#3974);
#3972 = CARTESIAN_POINT('',(128.4454,-83.82,-4.6E-02));
#3973 = DIRECTION('',(-0.,-0.,-1.));
#3974 = DIRECTION('',(-0.,-1.,0.));
#3975 = ADVANCED_FACE('',(#3976),#3987,.F.);
#3976 = FACE_BOUND('',#3977,.T.);
#3977 = EDGE_LOOP('',(#3978,#3979,#3985,#3986));
#3978 = ORIENTED_EDGE('',*,*,#3126,.T.);
#3979 = ORIENTED_EDGE('',*,*,#3980,.T.);
#3980 = EDGE_CURVE('',#3127,#3496,#3981,.T.);
#3981 = LINE('',#3982,#3983);
#3982 = CARTESIAN_POINT('',(125.8927,-82.0166,-4.6E-02));
#3983 = VECTOR('',#3984,1.);
#3984 = DIRECTION('',(0.,0.,1.));
#3985 = ORIENTED_EDGE('',*,*,#3495,.F.);
#3986 = ORIENTED_EDGE('',*,*,#3980,.F.);
#3987 = CYLINDRICAL_SURFACE('',#3988,0.7493);
#3988 = AXIS2_PLACEMENT_3D('',#3989,#3990,#3991);
#3989 = CARTESIAN_POINT('',(125.8927,-81.2673,-4.6E-02));
#3990 = DIRECTION('',(-0.,0.,-1.));
#3991 = DIRECTION('',(1.89655074272E-14,-1.,-0.));
#3992 = ADVANCED_FACE('',(#3993),#4004,.F.);
#3993 = FACE_BOUND('',#3994,.T.);
#3994 = EDGE_LOOP('',(#3995,#3996,#4002,#4003));
#3995 = ORIENTED_EDGE('',*,*,#3137,.T.);
#3996 = ORIENTED_EDGE('',*,*,#3997,.T.);
#3997 = EDGE_CURVE('',#3138,#3507,#3998,.T.);
#3998 = LINE('',#3999,#4000);
#3999 = CARTESIAN_POINT('',(101.1973,-71.8712,-4.6E-02));
#4000 = VECTOR('',#4001,1.);
#4001 = DIRECTION('',(0.,0.,1.));
#4002 = ORIENTED_EDGE('',*,*,#3506,.F.);
#4003 = ORIENTED_EDGE('',*,*,#3997,.F.);
#4004 = CYLINDRICAL_SURFACE('',#4005,0.6985);
#4005 = AXIS2_PLACEMENT_3D('',#4006,#4007,#4008);
#4006 = CARTESIAN_POINT('',(101.1973,-71.1727,-4.6E-02));
#4007 = DIRECTION('',(-0.,-0.,-1.));
#4008 = DIRECTION('',(-0.,-1.,0.));
#4009 = ADVANCED_FACE('',(#4010),#4021,.F.);
#4010 = FACE_BOUND('',#4011,.T.);
#4011 = EDGE_LOOP('',(#4012,#4013,#4019,#4020));
#4012 = ORIENTED_EDGE('',*,*,#3148,.T.);
#4013 = ORIENTED_EDGE('',*,*,#4014,.T.);
#4014 = EDGE_CURVE('',#3149,#3518,#4015,.T.);
#4015 = LINE('',#4016,#4017);
#4016 = CARTESIAN_POINT('',(106.3027,-71.8712,-4.6E-02));
#4017 = VECTOR('',#4018,1.);
#4018 = DIRECTION('',(0.,0.,1.));
#4019 = ORIENTED_EDGE('',*,*,#3517,.F.);
#4020 = ORIENTED_EDGE('',*,*,#4014,.F.);
#4021 = CYLINDRICAL_SURFACE('',#4022,0.6985);
#4022 = AXIS2_PLACEMENT_3D('',#4023,#4024,#4025);
#4023 = CARTESIAN_POINT('',(106.3027,-71.1727,-4.6E-02));
#4024 = DIRECTION('',(-0.,-0.,-1.));
#4025 = DIRECTION('',(-0.,-1.,0.));
#4026 = ADVANCED_FACE('',(#4027),#4038,.F.);
#4027 = FACE_BOUND('',#4028,.T.);
#4028 = EDGE_LOOP('',(#4029,#4030,#4036,#4037));
#4029 = ORIENTED_EDGE('',*,*,#3159,.T.);
#4030 = ORIENTED_EDGE('',*,*,#4031,.T.);
#4031 = EDGE_CURVE('',#3160,#3529,#4032,.T.);
#4032 = LINE('',#4033,#4034);
#4033 = CARTESIAN_POINT('',(103.75,-69.3693,-4.6E-02));
#4034 = VECTOR('',#4035,1.);
#4035 = DIRECTION('',(0.,0.,1.));
#4036 = ORIENTED_EDGE('',*,*,#3528,.F.);
#4037 = ORIENTED_EDGE('',*,*,#4031,.F.);
#4038 = CYLINDRICAL_SURFACE('',#4039,0.7493);
#4039 = AXIS2_PLACEMENT_3D('',#4040,#4041,#4042);
#4040 = CARTESIAN_POINT('',(103.75,-68.62,-4.6E-02));
#4041 = DIRECTION('',(-0.,-0.,-1.));
#4042 = DIRECTION('',(-0.,-1.,0.));
#4043 = ADVANCED_FACE('',(#4044),#4055,.F.);
#4044 = FACE_BOUND('',#4045,.T.);
#4045 = EDGE_LOOP('',(#4046,#4047,#4053,#4054));
#4046 = ORIENTED_EDGE('',*,*,#3170,.T.);
#4047 = ORIENTED_EDGE('',*,*,#4048,.T.);
#4048 = EDGE_CURVE('',#3171,#3540,#4049,.T.);
#4049 = LINE('',#4050,#4051);
#4050 = CARTESIAN_POINT('',(101.1973,-66.7658,-4.6E-02));
#4051 = VECTOR('',#4052,1.);
#4052 = DIRECTION('',(0.,0.,1.));
#4053 = ORIENTED_EDGE('',*,*,#3539,.F.);
#4054 = ORIENTED_EDGE('',*,*,#4048,.F.);
#4055 = CYLINDRICAL_SURFACE('',#4056,0.6985);
#4056 = AXIS2_PLACEMENT_3D('',#4057,#4058,#4059);
#4057 = CARTESIAN_POINT('',(101.1973,-66.0673,-4.6E-02));
#4058 = DIRECTION('',(-0.,-0.,-1.));
#4059 = DIRECTION('',(-0.,-1.,0.));
#4060 = ADVANCED_FACE('',(#4061),#4072,.F.);
#4061 = FACE_BOUND('',#4062,.T.);
#4062 = EDGE_LOOP('',(#4063,#4064,#4070,#4071));
#4063 = ORIENTED_EDGE('',*,*,#3181,.T.);
#4064 = ORIENTED_EDGE('',*,*,#4065,.T.);
#4065 = EDGE_CURVE('',#3182,#3551,#4066,.T.);
#4066 = LINE('',#4067,#4068);
#4067 = CARTESIAN_POINT('',(106.3027,-66.7658,-4.6E-02));
#4068 = VECTOR('',#4069,1.);
#4069 = DIRECTION('',(0.,0.,1.));
#4070 = ORIENTED_EDGE('',*,*,#3550,.F.);
#4071 = ORIENTED_EDGE('',*,*,#4065,.F.);
#4072 = CYLINDRICAL_SURFACE('',#4073,0.6985);
#4073 = AXIS2_PLACEMENT_3D('',#4074,#4075,#4076);
#4074 = CARTESIAN_POINT('',(106.3027,-66.0673,-4.6E-02));
#4075 = DIRECTION('',(-0.,-0.,-1.));
#4076 = DIRECTION('',(-0.,-1.,0.));
#4077 = ADVANCED_FACE('',(#4078),#4089,.F.);
#4078 = FACE_BOUND('',#4079,.T.);
#4079 = EDGE_LOOP('',(#4080,#4081,#4087,#4088));
#4080 = ORIENTED_EDGE('',*,*,#3192,.T.);
#4081 = ORIENTED_EDGE('',*,*,#4082,.T.);
#4082 = EDGE_CURVE('',#3193,#3562,#4083,.T.);
#4083 = LINE('',#4084,#4085);
#4084 = CARTESIAN_POINT('',(111.3973,-71.8739,-4.6E-02));
#4085 = VECTOR('',#4086,1.);
#4086 = DIRECTION('',(0.,0.,1.));
#4087 = ORIENTED_EDGE('',*,*,#3561,.F.);
#4088 = ORIENTED_EDGE('',*,*,#4082,.F.);
#4089 = CYLINDRICAL_SURFACE('',#4090,0.6985);
#4090 = AXIS2_PLACEMENT_3D('',#4091,#4092,#4093);
#4091 = CARTESIAN_POINT('',(111.3973,-71.1754,-4.6E-02));
#4092 = DIRECTION('',(-0.,-0.,-1.));
#4093 = DIRECTION('',(-0.,-1.,0.));
#4094 = ADVANCED_FACE('',(#4095),#4106,.F.);
#4095 = FACE_BOUND('',#4096,.T.);
#4096 = EDGE_LOOP('',(#4097,#4098,#4104,#4105));
#4097 = ORIENTED_EDGE('',*,*,#3203,.T.);
#4098 = ORIENTED_EDGE('',*,*,#4099,.T.);
#4099 = EDGE_CURVE('',#3204,#3573,#4100,.T.);
#4100 = LINE('',#4101,#4102);
#4101 = CARTESIAN_POINT('',(113.95,-69.372,-4.6E-02));
#4102 = VECTOR('',#4103,1.);
#4103 = DIRECTION('',(0.,0.,1.));
#4104 = ORIENTED_EDGE('',*,*,#3572,.F.);
#4105 = ORIENTED_EDGE('',*,*,#4099,.F.);
#4106 = CYLINDRICAL_SURFACE('',#4107,0.7493);
#4107 = AXIS2_PLACEMENT_3D('',#4108,#4109,#4110);
#4108 = CARTESIAN_POINT('',(113.95,-68.6227,-4.6E-02));
#4109 = DIRECTION('',(-0.,0.,-1.));
#4110 = DIRECTION('',(1.89655074272E-14,-1.,-0.));
#4111 = ADVANCED_FACE('',(#4112),#4123,.F.);
#4112 = FACE_BOUND('',#4113,.T.);
#4113 = EDGE_LOOP('',(#4114,#4115,#4121,#4122));
#4114 = ORIENTED_EDGE('',*,*,#3214,.T.);
#4115 = ORIENTED_EDGE('',*,*,#4116,.T.);
#4116 = EDGE_CURVE('',#3215,#3584,#4117,.T.);
#4117 = LINE('',#4118,#4119);
#4118 = CARTESIAN_POINT('',(111.3973,-66.7685,-4.6E-02));
#4119 = VECTOR('',#4120,1.);
#4120 = DIRECTION('',(0.,0.,1.));
#4121 = ORIENTED_EDGE('',*,*,#3583,.F.);
#4122 = ORIENTED_EDGE('',*,*,#4116,.F.);
#4123 = CYLINDRICAL_SURFACE('',#4124,0.6985);
#4124 = AXIS2_PLACEMENT_3D('',#4125,#4126,#4127);
#4125 = CARTESIAN_POINT('',(111.3973,-66.07,-4.6E-02));
#4126 = DIRECTION('',(-0.,-0.,-1.));
#4127 = DIRECTION('',(-0.,-1.,0.));
#4128 = ADVANCED_FACE('',(#4129),#4140,.F.);
#4129 = FACE_BOUND('',#4130,.T.);
#4130 = EDGE_LOOP('',(#4131,#4132,#4138,#4139));
#4131 = ORIENTED_EDGE('',*,*,#3225,.T.);
#4132 = ORIENTED_EDGE('',*,*,#4133,.T.);
#4133 = EDGE_CURVE('',#3226,#3595,#4134,.T.);
#4134 = LINE('',#4135,#4136);
#4135 = CARTESIAN_POINT('',(123.34,-79.4131,-4.6E-02));
#4136 = VECTOR('',#4137,1.);
#4137 = DIRECTION('',(0.,0.,1.));
#4138 = ORIENTED_EDGE('',*,*,#3594,.F.);
#4139 = ORIENTED_EDGE('',*,*,#4133,.F.);
#4140 = CYLINDRICAL_SURFACE('',#4141,0.6985);
#4141 = AXIS2_PLACEMENT_3D('',#4142,#4143,#4144);
#4142 = CARTESIAN_POINT('',(123.34,-78.7146,-4.6E-02));
#4143 = DIRECTION('',(-0.,-0.,-1.));
#4144 = DIRECTION('',(-0.,-1.,0.));
#4145 = ADVANCED_FACE('',(#4146),#4157,.F.);
#4146 = FACE_BOUND('',#4147,.T.);
#4147 = EDGE_LOOP('',(#4148,#4149,#4155,#4156));
#4148 = ORIENTED_EDGE('',*,*,#3236,.T.);
#4149 = ORIENTED_EDGE('',*,*,#4150,.T.);
#4150 = EDGE_CURVE('',#3237,#3606,#4151,.T.);
#4151 = LINE('',#4152,#4153);
#4152 = CARTESIAN_POINT('',(128.4454,-79.4131,-4.6E-02));
#4153 = VECTOR('',#4154,1.);
#4154 = DIRECTION('',(0.,0.,1.));
#4155 = ORIENTED_EDGE('',*,*,#3605,.F.);
#4156 = ORIENTED_EDGE('',*,*,#4150,.F.);
#4157 = CYLINDRICAL_SURFACE('',#4158,0.6985);
#4158 = AXIS2_PLACEMENT_3D('',#4159,#4160,#4161);
#4159 = CARTESIAN_POINT('',(128.4454,-78.7146,-4.6E-02));
#4160 = DIRECTION('',(-0.,-0.,-1.));
#4161 = DIRECTION('',(-0.,-1.,0.));
#4162 = ADVANCED_FACE('',(#4163),#4174,.F.);
#4163 = FACE_BOUND('',#4164,.T.);
#4164 = EDGE_LOOP('',(#4165,#4166,#4172,#4173));
#4165 = ORIENTED_EDGE('',*,*,#3247,.T.);
#4166 = ORIENTED_EDGE('',*,*,#4167,.T.);
#4167 = EDGE_CURVE('',#3248,#3617,#4168,.T.);
#4168 = LINE('',#4169,#4170);
#4169 = CARTESIAN_POINT('',(116.5027,-71.8739,-4.6E-02));
#4170 = VECTOR('',#4171,1.);
#4171 = DIRECTION('',(0.,0.,1.));
#4172 = ORIENTED_EDGE('',*,*,#3616,.F.);
#4173 = ORIENTED_EDGE('',*,*,#4167,.F.);
#4174 = CYLINDRICAL_SURFACE('',#4175,0.6985);
#4175 = AXIS2_PLACEMENT_3D('',#4176,#4177,#4178);
#4176 = CARTESIAN_POINT('',(116.5027,-71.1754,-4.6E-02));
#4177 = DIRECTION('',(-0.,-0.,-1.));
#4178 = DIRECTION('',(-0.,-1.,0.));
#4179 = ADVANCED_FACE('',(#4180),#4191,.F.);
#4180 = FACE_BOUND('',#4181,.T.);
#4181 = EDGE_LOOP('',(#4182,#4183,#4189,#4190));
#4182 = ORIENTED_EDGE('',*,*,#3258,.T.);
#4183 = ORIENTED_EDGE('',*,*,#4184,.T.);
#4184 = EDGE_CURVE('',#3259,#3628,#4185,.T.);
#4185 = LINE('',#4186,#4187);
#4186 = CARTESIAN_POINT('',(116.5027,-66.7685,-4.6E-02));
#4187 = VECTOR('',#4188,1.);
#4188 = DIRECTION('',(0.,0.,1.));
#4189 = ORIENTED_EDGE('',*,*,#3627,.F.);
#4190 = ORIENTED_EDGE('',*,*,#4184,.F.);
#4191 = CYLINDRICAL_SURFACE('',#4192,0.6985);
#4192 = AXIS2_PLACEMENT_3D('',#4193,#4194,#4195);
#4193 = CARTESIAN_POINT('',(116.5027,-66.07,-4.6E-02));
#4194 = DIRECTION('',(-0.,-0.,-1.));
#4195 = DIRECTION('',(-0.,-1.,0.));
#4196 = ( GEOMETRIC_REPRESENTATION_CONTEXT(3) 
GLOBAL_UNCERTAINTY_ASSIGNED_CONTEXT((#4200)) 
GLOBAL_UNIT_ASSIGNED_CONTEXT((#4197,#4198,#4199)) REPRESENTATION_CONTEXT
('Context #1','3D Context with UNIT and UNCERTAINTY') );
#4197 = ( LENGTH_UNIT() NAMED_UNIT(*) SI_UNIT(.MILLI.,.METRE.) );
#4198 = ( NAMED_UNIT(*) PLANE_ANGLE_UNIT() SI_UNIT($,.RADIAN.) );
#4199 = ( NAMED_UNIT(*) SI_UNIT($,.STERADIAN.) SOLID_ANGLE_UNIT() );
#4200 = UNCERTAINTY_MEASURE_WITH_UNIT(LENGTH_MEASURE(1.E-07),#4197,
  'distance_accuracy_value','confusion accuracy');
#4201 = CONTEXT_DEPENDENT_SHAPE_REPRESENTATION(#4202,#4204);
#4202 = ( REPRESENTATION_RELATIONSHIP('','',#2797,#10) 
REPRESENTATION_RELATIONSHIP_WITH_TRANSFORMATION(#4203) 
SHAPE_REPRESENTATION_RELATIONSHIP() );
#4203 = ITEM_DEFINED_TRANSFORMATION('','',#11,#115);
#4204 = PRODUCT_DEFINITION_SHAPE('Placement','Placement of an item',
  #4205);
#4205 = NEXT_ASSEMBLY_USAGE_OCCURRENCE('26','=>[0:1:1:5]','',#5,#2792,$
  );
#4206 = PRODUCT_RELATED_PRODUCT_CATEGORY('part',$,(#2794));
#4207 = MECHANICAL_DESIGN_GEOMETRIC_PRESENTATION_REPRESENTATION('',(
    #4208,#4216,#4223,#4230,#4237,#4244,#4251,#4258,#4265,#4272,#4279,
    #4287,#4294,#4301,#4308,#4315,#4322,#4329,#4336,#4343,#4350,#4357,
    #4364,#4371,#4378,#4385,#4392,#4399),#987);
#4208 = STYLED_ITEM('color',(#4209),#135);
#4209 = PRESENTATION_STYLE_ASSIGNMENT((#4210));
#4210 = SURFACE_STYLE_USAGE(.BOTH.,#4211);
#4211 = SURFACE_SIDE_STYLE('',(#4212));
#4212 = SURFACE_STYLE_FILL_AREA(#4213);
#4213 = FILL_AREA_STYLE('',(#4214));
#4214 = FILL_AREA_STYLE_COLOUR('',#4215);
#4215 = COLOUR_RGB('',0.823999987314,0.819999987296,0.781000009244);
#4216 = STYLED_ITEM('color',(#4217),#211);
#4217 = PRESENTATION_STYLE_ASSIGNMENT((#4218));
#4218 = SURFACE_STYLE_USAGE(.BOTH.,#4219);
#4219 = SURFACE_SIDE_STYLE('',(#4220));
#4220 = SURFACE_STYLE_FILL_AREA(#4221);
#4221 = FILL_AREA_STYLE('',(#4222));
#4222 = FILL_AREA_STYLE_COLOUR('',#4215);
#4223 = STYLED_ITEM('color',(#4224),#242);
#4224 = PRESENTATION_STYLE_ASSIGNMENT((#4225));
#4225 = SURFACE_STYLE_USAGE(.BOTH.,#4226);
#4226 = SURFACE_SIDE_STYLE('',(#4227));
#4227 = SURFACE_STYLE_FILL_AREA(#4228);
#4228 = FILL_AREA_STYLE('',(#4229));
#4229 = FILL_AREA_STYLE_COLOUR('',#4215);
#4230 = STYLED_ITEM('color',(#4231),#267);
#4231 = PRESENTATION_STYLE_ASSIGNMENT((#4232));
#4232 = SURFACE_STYLE_USAGE(.BOTH.,#4233);
#4233 = SURFACE_SIDE_STYLE('',(#4234));
#4234 = SURFACE_STYLE_FILL_AREA(#4235);
#4235 = FILL_AREA_STYLE('',(#4236));
#4236 = FILL_AREA_STYLE_COLOUR('',#4215);
#4237 = STYLED_ITEM('color',(#4238),#292);
#4238 = PRESENTATION_STYLE_ASSIGNMENT((#4239));
#4239 = SURFACE_STYLE_USAGE(.BOTH.,#4240);
#4240 = SURFACE_SIDE_STYLE('',(#4241));
#4241 = SURFACE_STYLE_FILL_AREA(#4242);
#4242 = FILL_AREA_STYLE('',(#4243));
#4243 = FILL_AREA_STYLE_COLOUR('',#4215);
#4244 = STYLED_ITEM('color',(#4245),#316);
#4245 = PRESENTATION_STYLE_ASSIGNMENT((#4246));
#4246 = SURFACE_STYLE_USAGE(.BOTH.,#4247);
#4247 = SURFACE_SIDE_STYLE('',(#4248));
#4248 = SURFACE_STYLE_FILL_AREA(#4249);
#4249 = FILL_AREA_STYLE('',(#4250));
#4250 = FILL_AREA_STYLE_COLOUR('',#4215);
#4251 = STYLED_ITEM('color',(#4252),#340);
#4252 = PRESENTATION_STYLE_ASSIGNMENT((#4253));
#4253 = SURFACE_STYLE_USAGE(.BOTH.,#4254);
#4254 = SURFACE_SIDE_STYLE('',(#4255));
#4255 = SURFACE_STYLE_FILL_AREA(#4256);
#4256 = FILL_AREA_STYLE('',(#4257));
#4257 = FILL_AREA_STYLE_COLOUR('',#4215);
#4258 = STYLED_ITEM('color',(#4259),#365);
#4259 = PRESENTATION_STYLE_ASSIGNMENT((#4260));
#4260 = SURFACE_STYLE_USAGE(.BOTH.,#4261);
#4261 = SURFACE_SIDE_STYLE('',(#4262));
#4262 = SURFACE_STYLE_FILL_AREA(#4263);
#4263 = FILL_AREA_STYLE('',(#4264));
#4264 = FILL_AREA_STYLE_COLOUR('',#4215);
#4265 = STYLED_ITEM('color',(#4266),#390);
#4266 = PRESENTATION_STYLE_ASSIGNMENT((#4267));
#4267 = SURFACE_STYLE_USAGE(.BOTH.,#4268);
#4268 = SURFACE_SIDE_STYLE('',(#4269));
#4269 = SURFACE_STYLE_FILL_AREA(#4270);
#4270 = FILL_AREA_STYLE('',(#4271));
#4271 = FILL_AREA_STYLE_COLOUR('',#4215);
#4272 = STYLED_ITEM('color',(#4273),#407);
#4273 = PRESENTATION_STYLE_ASSIGNMENT((#4274));
#4274 = SURFACE_STYLE_USAGE(.BOTH.,#4275);
#4275 = SURFACE_SIDE_STYLE('',(#4276));
#4276 = SURFACE_STYLE_FILL_AREA(#4277);
#4277 = FILL_AREA_STYLE('',(#4278));
#4278 = FILL_AREA_STYLE_COLOUR('',#4215);
#4279 = STYLED_ITEM('color',(#4280),#493);
#4280 = PRESENTATION_STYLE_ASSIGNMENT((#4281));
#4281 = SURFACE_STYLE_USAGE(.BOTH.,#4282);
#4282 = SURFACE_SIDE_STYLE('',(#4283));
#4283 = SURFACE_STYLE_FILL_AREA(#4284);
#4284 = FILL_AREA_STYLE('',(#4285));
#4285 = FILL_AREA_STYLE_COLOUR('',#4286);
#4286 = COLOUR_RGB('',0.379000005575,0.270000008848,0.214999999939);
#4287 = STYLED_ITEM('color',(#4288),#525);
#4288 = PRESENTATION_STYLE_ASSIGNMENT((#4289));
#4289 = SURFACE_STYLE_USAGE(.BOTH.,#4290);
#4290 = SURFACE_SIDE_STYLE('',(#4291));
#4291 = SURFACE_STYLE_FILL_AREA(#4292);
#4292 = FILL_AREA_STYLE('',(#4293));
#4293 = FILL_AREA_STYLE_COLOUR('',#4286);
#4294 = STYLED_ITEM('color',(#4295),#549);
#4295 = PRESENTATION_STYLE_ASSIGNMENT((#4296));
#4296 = SURFACE_STYLE_USAGE(.BOTH.,#4297);
#4297 = SURFACE_SIDE_STYLE('',(#4298));
#4298 = SURFACE_STYLE_FILL_AREA(#4299);
#4299 = FILL_AREA_STYLE('',(#4300));
#4300 = FILL_AREA_STYLE_COLOUR('',#4286);
#4301 = STYLED_ITEM('color',(#4302),#574);
#4302 = PRESENTATION_STYLE_ASSIGNMENT((#4303));
#4303 = SURFACE_STYLE_USAGE(.BOTH.,#4304);
#4304 = SURFACE_SIDE_STYLE('',(#4305));
#4305 = SURFACE_STYLE_FILL_AREA(#4306);
#4306 = FILL_AREA_STYLE('',(#4307));
#4307 = FILL_AREA_STYLE_COLOUR('',#4286);
#4308 = STYLED_ITEM('color',(#4309),#598);
#4309 = PRESENTATION_STYLE_ASSIGNMENT((#4310));
#4310 = SURFACE_STYLE_USAGE(.BOTH.,#4311);
#4311 = SURFACE_SIDE_STYLE('',(#4312));
#4312 = SURFACE_STYLE_FILL_AREA(#4313);
#4313 = FILL_AREA_STYLE('',(#4314));
#4314 = FILL_AREA_STYLE_COLOUR('',#4286);
#4315 = STYLED_ITEM('color',(#4316),#623);
#4316 = PRESENTATION_STYLE_ASSIGNMENT((#4317));
#4317 = SURFACE_STYLE_USAGE(.BOTH.,#4318);
#4318 = SURFACE_SIDE_STYLE('',(#4319));
#4319 = SURFACE_STYLE_FILL_AREA(#4320);
#4320 = FILL_AREA_STYLE('',(#4321));
#4321 = FILL_AREA_STYLE_COLOUR('',#4286);
#4322 = STYLED_ITEM('color',(#4323),#647);
#4323 = PRESENTATION_STYLE_ASSIGNMENT((#4324));
#4324 = SURFACE_STYLE_USAGE(.BOTH.,#4325);
#4325 = SURFACE_SIDE_STYLE('',(#4326));
#4326 = SURFACE_STYLE_FILL_AREA(#4327);
#4327 = FILL_AREA_STYLE('',(#4328));
#4328 = FILL_AREA_STYLE_COLOUR('',#4286);
#4329 = STYLED_ITEM('color',(#4330),#672);
#4330 = PRESENTATION_STYLE_ASSIGNMENT((#4331));
#4331 = SURFACE_STYLE_USAGE(.BOTH.,#4332);
#4332 = SURFACE_SIDE_STYLE('',(#4333));
#4333 = SURFACE_STYLE_FILL_AREA(#4334);
#4334 = FILL_AREA_STYLE('',(#4335));
#4335 = FILL_AREA_STYLE_COLOUR('',#4286);
#4336 = STYLED_ITEM('color',(#4337),#689);
#4337 = PRESENTATION_STYLE_ASSIGNMENT((#4338));
#4338 = SURFACE_STYLE_USAGE(.BOTH.,#4339);
#4339 = SURFACE_SIDE_STYLE('',(#4340));
#4340 = SURFACE_STYLE_FILL_AREA(#4341);
#4341 = FILL_AREA_STYLE('',(#4342));
#4342 = FILL_AREA_STYLE_COLOUR('',#4215);
#4343 = STYLED_ITEM('color',(#4344),#775);
#4344 = PRESENTATION_STYLE_ASSIGNMENT((#4345));
#4345 = SURFACE_STYLE_USAGE(.BOTH.,#4346);
#4346 = SURFACE_SIDE_STYLE('',(#4347));
#4347 = SURFACE_STYLE_FILL_AREA(#4348);
#4348 = FILL_AREA_STYLE('',(#4349));
#4349 = FILL_AREA_STYLE_COLOUR('',#4215);
#4350 = STYLED_ITEM('color',(#4351),#806);
#4351 = PRESENTATION_STYLE_ASSIGNMENT((#4352));
#4352 = SURFACE_STYLE_USAGE(.BOTH.,#4353);
#4353 = SURFACE_SIDE_STYLE('',(#4354));
#4354 = SURFACE_STYLE_FILL_AREA(#4355);
#4355 = FILL_AREA_STYLE('',(#4356));
#4356 = FILL_AREA_STYLE_COLOUR('',#4215);
#4357 = STYLED_ITEM('color',(#4358),#831);
#4358 = PRESENTATION_STYLE_ASSIGNMENT((#4359));
#4359 = SURFACE_STYLE_USAGE(.BOTH.,#4360);
#4360 = SURFACE_SIDE_STYLE('',(#4361));
#4361 = SURFACE_STYLE_FILL_AREA(#4362);
#4362 = FILL_AREA_STYLE('',(#4363));
#4363 = FILL_AREA_STYLE_COLOUR('',#4215);
#4364 = STYLED_ITEM('color',(#4365),#856);
#4365 = PRESENTATION_STYLE_ASSIGNMENT((#4366));
#4366 = SURFACE_STYLE_USAGE(.BOTH.,#4367);
#4367 = SURFACE_SIDE_STYLE('',(#4368));
#4368 = SURFACE_STYLE_FILL_AREA(#4369);
#4369 = FILL_AREA_STYLE('',(#4370));
#4370 = FILL_AREA_STYLE_COLOUR('',#4215);
#4371 = STYLED_ITEM('color',(#4372),#880);
#4372 = PRESENTATION_STYLE_ASSIGNMENT((#4373));
#4373 = SURFACE_STYLE_USAGE(.BOTH.,#4374);
#4374 = SURFACE_SIDE_STYLE('',(#4375));
#4375 = SURFACE_STYLE_FILL_AREA(#4376);
#4376 = FILL_AREA_STYLE('',(#4377));
#4377 = FILL_AREA_STYLE_COLOUR('',#4215);
#4378 = STYLED_ITEM('color',(#4379),#904);
#4379 = PRESENTATION_STYLE_ASSIGNMENT((#4380));
#4380 = SURFACE_STYLE_USAGE(.BOTH.,#4381);
#4381 = SURFACE_SIDE_STYLE('',(#4382));
#4382 = SURFACE_STYLE_FILL_AREA(#4383);
#4383 = FILL_AREA_STYLE('',(#4384));
#4384 = FILL_AREA_STYLE_COLOUR('',#4215);
#4385 = STYLED_ITEM('color',(#4386),#929);
#4386 = PRESENTATION_STYLE_ASSIGNMENT((#4387));
#4387 = SURFACE_STYLE_USAGE(.BOTH.,#4388);
#4388 = SURFACE_SIDE_STYLE('',(#4389));
#4389 = SURFACE_STYLE_FILL_AREA(#4390);
#4390 = FILL_AREA_STYLE('',(#4391));
#4391 = FILL_AREA_STYLE_COLOUR('',#4215);
#4392 = STYLED_ITEM('color',(#4393),#954);
#4393 = PRESENTATION_STYLE_ASSIGNMENT((#4394));
#4394 = SURFACE_STYLE_USAGE(.BOTH.,#4395);
#4395 = SURFACE_SIDE_STYLE('',(#4396));
#4396 = SURFACE_STYLE_FILL_AREA(#4397);
#4397 = FILL_AREA_STYLE('',(#4398));
#4398 = FILL_AREA_STYLE_COLOUR('',#4215);
#4399 = STYLED_ITEM('color',(#4400),#971);
#4400 = PRESENTATION_STYLE_ASSIGNMENT((#4401));
#4401 = SURFACE_STYLE_USAGE(.BOTH.,#4402);
#4402 = SURFACE_SIDE_STYLE('',(#4403));
#4403 = SURFACE_STYLE_FILL_AREA(#4404);
#4404 = FILL_AREA_STYLE('',(#4405));
#4405 = FILL_AREA_STYLE_COLOUR('',#4215);
#4406 = MECHANICAL_DESIGN_GEOMETRIC_PRESENTATION_REPRESENTATION('',(
    #4407),#4196);
#4407 = STYLED_ITEM('color',(#4408),#2798);
#4408 = PRESENTATION_STYLE_ASSIGNMENT((#4409));
#4409 = SURFACE_STYLE_USAGE(.BOTH.,#4410);
#4410 = SURFACE_SIDE_STYLE('',(#4411));
#4411 = SURFACE_STYLE_FILL_AREA(#4412);
#4412 = FILL_AREA_STYLE('',(#4413));
#4413 = FILL_AREA_STYLE_COLOUR('',#4414);
#4414 = COLOUR_RGB('',0.313304153717,0.484529207832,0.410020903123);
#4415 = MECHANICAL_DESIGN_GEOMETRIC_PRESENTATION_REPRESENTATION('',(
    #4416,#4423,#4430,#4437,#4444,#4451,#4458,#4465,#4472,#4479,#4486,
    #4493,#4500,#4507,#4514,#4521,#4528,#4535,#4542,#4549,#4556,#4563,
    #4570,#4577,#4584,#4591,#4598,#4605),#1880);
#4416 = STYLED_ITEM('color',(#4417),#1028);
#4417 = PRESENTATION_STYLE_ASSIGNMENT((#4418));
#4418 = SURFACE_STYLE_USAGE(.BOTH.,#4419);
#4419 = SURFACE_SIDE_STYLE('',(#4420));
#4420 = SURFACE_STYLE_FILL_AREA(#4421);
#4421 = FILL_AREA_STYLE('',(#4422));
#4422 = FILL_AREA_STYLE_COLOUR('',#4215);
#4423 = STYLED_ITEM('color',(#4424),#1104);
#4424 = PRESENTATION_STYLE_ASSIGNMENT((#4425));
#4425 = SURFACE_STYLE_USAGE(.BOTH.,#4426);
#4426 = SURFACE_SIDE_STYLE('',(#4427));
#4427 = SURFACE_STYLE_FILL_AREA(#4428);
#4428 = FILL_AREA_STYLE('',(#4429));
#4429 = FILL_AREA_STYLE_COLOUR('',#4215);
#4430 = STYLED_ITEM('color',(#4431),#1135);
#4431 = PRESENTATION_STYLE_ASSIGNMENT((#4432));
#4432 = SURFACE_STYLE_USAGE(.BOTH.,#4433);
#4433 = SURFACE_SIDE_STYLE('',(#4434));
#4434 = SURFACE_STYLE_FILL_AREA(#4435);
#4435 = FILL_AREA_STYLE('',(#4436));
#4436 = FILL_AREA_STYLE_COLOUR('',#4215);
#4437 = STYLED_ITEM('color',(#4438),#1160);
#4438 = PRESENTATION_STYLE_ASSIGNMENT((#4439));
#4439 = SURFACE_STYLE_USAGE(.BOTH.,#4440);
#4440 = SURFACE_SIDE_STYLE('',(#4441));
#4441 = SURFACE_STYLE_FILL_AREA(#4442);
#4442 = FILL_AREA_STYLE('',(#4443));
#4443 = FILL_AREA_STYLE_COLOUR('',#4215);
#4444 = STYLED_ITEM('color',(#4445),#1185);
#4445 = PRESENTATION_STYLE_ASSIGNMENT((#4446));
#4446 = SURFACE_STYLE_USAGE(.BOTH.,#4447);
#4447 = SURFACE_SIDE_STYLE('',(#4448));
#4448 = SURFACE_STYLE_FILL_AREA(#4449);
#4449 = FILL_AREA_STYLE('',(#4450));
#4450 = FILL_AREA_STYLE_COLOUR('',#4215);
#4451 = STYLED_ITEM('color',(#4452),#1209);
#4452 = PRESENTATION_STYLE_ASSIGNMENT((#4453));
#4453 = SURFACE_STYLE_USAGE(.BOTH.,#4454);
#4454 = SURFACE_SIDE_STYLE('',(#4455));
#4455 = SURFACE_STYLE_FILL_AREA(#4456);
#4456 = FILL_AREA_STYLE('',(#4457));
#4457 = FILL_AREA_STYLE_COLOUR('',#4215);
#4458 = STYLED_ITEM('color',(#4459),#1233);
#4459 = PRESENTATION_STYLE_ASSIGNMENT((#4460));
#4460 = SURFACE_STYLE_USAGE(.BOTH.,#4461);
#4461 = SURFACE_SIDE_STYLE('',(#4462));
#4462 = SURFACE_STYLE_FILL_AREA(#4463);
#4463 = FILL_AREA_STYLE('',(#4464));
#4464 = FILL_AREA_STYLE_COLOUR('',#4215);
#4465 = STYLED_ITEM('color',(#4466),#1258);
#4466 = PRESENTATION_STYLE_ASSIGNMENT((#4467));
#4467 = SURFACE_STYLE_USAGE(.BOTH.,#4468);
#4468 = SURFACE_SIDE_STYLE('',(#4469));
#4469 = SURFACE_STYLE_FILL_AREA(#4470);
#4470 = FILL_AREA_STYLE('',(#4471));
#4471 = FILL_AREA_STYLE_COLOUR('',#4215);
#4472 = STYLED_ITEM('color',(#4473),#1283);
#4473 = PRESENTATION_STYLE_ASSIGNMENT((#4474));
#4474 = SURFACE_STYLE_USAGE(.BOTH.,#4475);
#4475 = SURFACE_SIDE_STYLE('',(#4476));
#4476 = SURFACE_STYLE_FILL_AREA(#4477);
#4477 = FILL_AREA_STYLE('',(#4478));
#4478 = FILL_AREA_STYLE_COLOUR('',#4215);
#4479 = STYLED_ITEM('color',(#4480),#1300);
#4480 = PRESENTATION_STYLE_ASSIGNMENT((#4481));
#4481 = SURFACE_STYLE_USAGE(.BOTH.,#4482);
#4482 = SURFACE_SIDE_STYLE('',(#4483));
#4483 = SURFACE_STYLE_FILL_AREA(#4484);
#4484 = FILL_AREA_STYLE('',(#4485));
#4485 = FILL_AREA_STYLE_COLOUR('',#4215);
#4486 = STYLED_ITEM('color',(#4487),#1386);
#4487 = PRESENTATION_STYLE_ASSIGNMENT((#4488));
#4488 = SURFACE_STYLE_USAGE(.BOTH.,#4489);
#4489 = SURFACE_SIDE_STYLE('',(#4490));
#4490 = SURFACE_STYLE_FILL_AREA(#4491);
#4491 = FILL_AREA_STYLE('',(#4492));
#4492 = FILL_AREA_STYLE_COLOUR('',#4286);
#4493 = STYLED_ITEM('color',(#4494),#1418);
#4494 = PRESENTATION_STYLE_ASSIGNMENT((#4495));
#4495 = SURFACE_STYLE_USAGE(.BOTH.,#4496);
#4496 = SURFACE_SIDE_STYLE('',(#4497));
#4497 = SURFACE_STYLE_FILL_AREA(#4498);
#4498 = FILL_AREA_STYLE('',(#4499));
#4499 = FILL_AREA_STYLE_COLOUR('',#4286);
#4500 = STYLED_ITEM('color',(#4501),#1442);
#4501 = PRESENTATION_STYLE_ASSIGNMENT((#4502));
#4502 = SURFACE_STYLE_USAGE(.BOTH.,#4503);
#4503 = SURFACE_SIDE_STYLE('',(#4504));
#4504 = SURFACE_STYLE_FILL_AREA(#4505);
#4505 = FILL_AREA_STYLE('',(#4506));
#4506 = FILL_AREA_STYLE_COLOUR('',#4286);
#4507 = STYLED_ITEM('color',(#4508),#1467);
#4508 = PRESENTATION_STYLE_ASSIGNMENT((#4509));
#4509 = SURFACE_STYLE_USAGE(.BOTH.,#4510);
#4510 = SURFACE_SIDE_STYLE('',(#4511));
#4511 = SURFACE_STYLE_FILL_AREA(#4512);
#4512 = FILL_AREA_STYLE('',(#4513));
#4513 = FILL_AREA_STYLE_COLOUR('',#4286);
#4514 = STYLED_ITEM('color',(#4515),#1491);
#4515 = PRESENTATION_STYLE_ASSIGNMENT((#4516));
#4516 = SURFACE_STYLE_USAGE(.BOTH.,#4517);
#4517 = SURFACE_SIDE_STYLE('',(#4518));
#4518 = SURFACE_STYLE_FILL_AREA(#4519);
#4519 = FILL_AREA_STYLE('',(#4520));
#4520 = FILL_AREA_STYLE_COLOUR('',#4286);
#4521 = STYLED_ITEM('color',(#4522),#1516);
#4522 = PRESENTATION_STYLE_ASSIGNMENT((#4523));
#4523 = SURFACE_STYLE_USAGE(.BOTH.,#4524);
#4524 = SURFACE_SIDE_STYLE('',(#4525));
#4525 = SURFACE_STYLE_FILL_AREA(#4526);
#4526 = FILL_AREA_STYLE('',(#4527));
#4527 = FILL_AREA_STYLE_COLOUR('',#4286);
#4528 = STYLED_ITEM('color',(#4529),#1540);
#4529 = PRESENTATION_STYLE_ASSIGNMENT((#4530));
#4530 = SURFACE_STYLE_USAGE(.BOTH.,#4531);
#4531 = SURFACE_SIDE_STYLE('',(#4532));
#4532 = SURFACE_STYLE_FILL_AREA(#4533);
#4533 = FILL_AREA_STYLE('',(#4534));
#4534 = FILL_AREA_STYLE_COLOUR('',#4286);
#4535 = STYLED_ITEM('color',(#4536),#1565);
#4536 = PRESENTATION_STYLE_ASSIGNMENT((#4537));
#4537 = SURFACE_STYLE_USAGE(.BOTH.,#4538);
#4538 = SURFACE_SIDE_STYLE('',(#4539));
#4539 = SURFACE_STYLE_FILL_AREA(#4540);
#4540 = FILL_AREA_STYLE('',(#4541));
#4541 = FILL_AREA_STYLE_COLOUR('',#4286);
#4542 = STYLED_ITEM('color',(#4543),#1582);
#4543 = PRESENTATION_STYLE_ASSIGNMENT((#4544));
#4544 = SURFACE_STYLE_USAGE(.BOTH.,#4545);
#4545 = SURFACE_SIDE_STYLE('',(#4546));
#4546 = SURFACE_STYLE_FILL_AREA(#4547);
#4547 = FILL_AREA_STYLE('',(#4548));
#4548 = FILL_AREA_STYLE_COLOUR('',#4215);
#4549 = STYLED_ITEM('color',(#4550),#1668);
#4550 = PRESENTATION_STYLE_ASSIGNMENT((#4551));
#4551 = SURFACE_STYLE_USAGE(.BOTH.,#4552);
#4552 = SURFACE_SIDE_STYLE('',(#4553));
#4553 = SURFACE_STYLE_FILL_AREA(#4554);
#4554 = FILL_AREA_STYLE('',(#4555));
#4555 = FILL_AREA_STYLE_COLOUR('',#4215);
#4556 = STYLED_ITEM('color',(#4557),#1699);
#4557 = PRESENTATION_STYLE_ASSIGNMENT((#4558));
#4558 = SURFACE_STYLE_USAGE(.BOTH.,#4559);
#4559 = SURFACE_SIDE_STYLE('',(#4560));
#4560 = SURFACE_STYLE_FILL_AREA(#4561);
#4561 = FILL_AREA_STYLE('',(#4562));
#4562 = FILL_AREA_STYLE_COLOUR('',#4215);
#4563 = STYLED_ITEM('color',(#4564),#1724);
#4564 = PRESENTATION_STYLE_ASSIGNMENT((#4565));
#4565 = SURFACE_STYLE_USAGE(.BOTH.,#4566);
#4566 = SURFACE_SIDE_STYLE('',(#4567));
#4567 = SURFACE_STYLE_FILL_AREA(#4568);
#4568 = FILL_AREA_STYLE('',(#4569));
#4569 = FILL_AREA_STYLE_COLOUR('',#4215);
#4570 = STYLED_ITEM('color',(#4571),#1749);
#4571 = PRESENTATION_STYLE_ASSIGNMENT((#4572));
#4572 = SURFACE_STYLE_USAGE(.BOTH.,#4573);
#4573 = SURFACE_SIDE_STYLE('',(#4574));
#4574 = SURFACE_STYLE_FILL_AREA(#4575);
#4575 = FILL_AREA_STYLE('',(#4576));
#4576 = FILL_AREA_STYLE_COLOUR('',#4215);
#4577 = STYLED_ITEM('color',(#4578),#1773);
#4578 = PRESENTATION_STYLE_ASSIGNMENT((#4579));
#4579 = SURFACE_STYLE_USAGE(.BOTH.,#4580);
#4580 = SURFACE_SIDE_STYLE('',(#4581));
#4581 = SURFACE_STYLE_FILL_AREA(#4582);
#4582 = FILL_AREA_STYLE('',(#4583));
#4583 = FILL_AREA_STYLE_COLOUR('',#4215);
#4584 = STYLED_ITEM('color',(#4585),#1797);
#4585 = PRESENTATION_STYLE_ASSIGNMENT((#4586));
#4586 = SURFACE_STYLE_USAGE(.BOTH.,#4587);
#4587 = SURFACE_SIDE_STYLE('',(#4588));
#4588 = SURFACE_STYLE_FILL_AREA(#4589);
#4589 = FILL_AREA_STYLE('',(#4590));
#4590 = FILL_AREA_STYLE_COLOUR('',#4215);
#4591 = STYLED_ITEM('color',(#4592),#1822);
#4592 = PRESENTATION_STYLE_ASSIGNMENT((#4593));
#4593 = SURFACE_STYLE_USAGE(.BOTH.,#4594);
#4594 = SURFACE_SIDE_STYLE('',(#4595));
#4595 = SURFACE_STYLE_FILL_AREA(#4596);
#4596 = FILL_AREA_STYLE('',(#4597));
#4597 = FILL_AREA_STYLE_COLOUR('',#4215);
#4598 = STYLED_ITEM('color',(#4599),#1847);
#4599 = PRESENTATION_STYLE_ASSIGNMENT((#4600));
#4600 = SURFACE_STYLE_USAGE(.BOTH.,#4601);
#4601 = SURFACE_SIDE_STYLE('',(#4602));
#4602 = SURFACE_STYLE_FILL_AREA(#4603);
#4603 = FILL_AREA_STYLE('',(#4604));
#4604 = FILL_AREA_STYLE_COLOUR('',#4215);
#4605 = STYLED_ITEM('color',(#4606),#1864);
#4606 = PRESENTATION_STYLE_ASSIGNMENT((#4607));
#4607 = SURFACE_STYLE_USAGE(.BOTH.,#4608);
#4608 = SURFACE_SIDE_STYLE('',(#4609));
#4609 = SURFACE_STYLE_FILL_AREA(#4610);
#4610 = FILL_AREA_STYLE('',(#4611));
#4611 = FILL_AREA_STYLE_COLOUR('',#4215);
#4612 = MECHANICAL_DESIGN_GEOMETRIC_PRESENTATION_REPRESENTATION('',(
    #4613,#4620,#4627,#4634,#4641,#4648,#4655,#4662,#4670,#4677,#4684,
    #4691,#4698,#4705,#4713,#4720,#4727,#4734,#4741,#4748,#4755,#4762,
    #4769,#4776,#4783,#4790),#2719);
#4613 = STYLED_ITEM('color',(#4614),#1931);
#4614 = PRESENTATION_STYLE_ASSIGNMENT((#4615));
#4615 = SURFACE_STYLE_USAGE(.BOTH.,#4616);
#4616 = SURFACE_SIDE_STYLE('',(#4617));
#4617 = SURFACE_STYLE_FILL_AREA(#4618);
#4618 = FILL_AREA_STYLE('',(#4619));
#4619 = FILL_AREA_STYLE_COLOUR('',#4215);
#4620 = STYLED_ITEM('color',(#4621),#1971);
#4621 = PRESENTATION_STYLE_ASSIGNMENT((#4622));
#4622 = SURFACE_STYLE_USAGE(.BOTH.,#4623);
#4623 = SURFACE_SIDE_STYLE('',(#4624));
#4624 = SURFACE_STYLE_FILL_AREA(#4625);
#4625 = FILL_AREA_STYLE('',(#4626));
#4626 = FILL_AREA_STYLE_COLOUR('',#4215);
#4627 = STYLED_ITEM('color',(#4628),#2054);
#4628 = PRESENTATION_STYLE_ASSIGNMENT((#4629));
#4629 = SURFACE_STYLE_USAGE(.BOTH.,#4630);
#4630 = SURFACE_SIDE_STYLE('',(#4631));
#4631 = SURFACE_STYLE_FILL_AREA(#4632);
#4632 = FILL_AREA_STYLE('',(#4633));
#4633 = FILL_AREA_STYLE_COLOUR('',#4215);
#4634 = STYLED_ITEM('color',(#4635),#2079);
#4635 = PRESENTATION_STYLE_ASSIGNMENT((#4636));
#4636 = SURFACE_STYLE_USAGE(.BOTH.,#4637);
#4637 = SURFACE_SIDE_STYLE('',(#4638));
#4638 = SURFACE_STYLE_FILL_AREA(#4639);
#4639 = FILL_AREA_STYLE('',(#4640));
#4640 = FILL_AREA_STYLE_COLOUR('',#4215);
#4641 = STYLED_ITEM('color',(#4642),#2104);
#4642 = PRESENTATION_STYLE_ASSIGNMENT((#4643));
#4643 = SURFACE_STYLE_USAGE(.BOTH.,#4644);
#4644 = SURFACE_SIDE_STYLE('',(#4645));
#4645 = SURFACE_STYLE_FILL_AREA(#4646);
#4646 = FILL_AREA_STYLE('',(#4647));
#4647 = FILL_AREA_STYLE_COLOUR('',#4215);
#4648 = STYLED_ITEM('color',(#4649),#2171);
#4649 = PRESENTATION_STYLE_ASSIGNMENT((#4650));
#4650 = SURFACE_STYLE_USAGE(.BOTH.,#4651);
#4651 = SURFACE_SIDE_STYLE('',(#4652));
#4652 = SURFACE_STYLE_FILL_AREA(#4653);
#4653 = FILL_AREA_STYLE('',(#4654));
#4654 = FILL_AREA_STYLE_COLOUR('',#4215);
#4655 = STYLED_ITEM('color',(#4656),#2188);
#4656 = PRESENTATION_STYLE_ASSIGNMENT((#4657));
#4657 = SURFACE_STYLE_USAGE(.BOTH.,#4658);
#4658 = SURFACE_SIDE_STYLE('',(#4659));
#4659 = SURFACE_STYLE_FILL_AREA(#4660);
#4660 = FILL_AREA_STYLE('',(#4661));
#4661 = FILL_AREA_STYLE_COLOUR('',#4215);
#4662 = STYLED_ITEM('color',(#4663),#2205);
#4663 = PRESENTATION_STYLE_ASSIGNMENT((#4664));
#4664 = SURFACE_STYLE_USAGE(.BOTH.,#4665);
#4665 = SURFACE_SIDE_STYLE('',(#4666));
#4666 = SURFACE_STYLE_FILL_AREA(#4667);
#4667 = FILL_AREA_STYLE('',(#4668));
#4668 = FILL_AREA_STYLE_COLOUR('',#4669);
#4669 = COLOUR_RGB('',0.894999966383,0.890999961016,0.813000030345);
#4670 = STYLED_ITEM('color',(#4671),#2254);
#4671 = PRESENTATION_STYLE_ASSIGNMENT((#4672));
#4672 = SURFACE_STYLE_USAGE(.BOTH.,#4673);
#4673 = SURFACE_SIDE_STYLE('',(#4674));
#4674 = SURFACE_STYLE_FILL_AREA(#4675);
#4675 = FILL_AREA_STYLE('',(#4676));
#4676 = FILL_AREA_STYLE_COLOUR('',#4215);
#4677 = STYLED_ITEM('color',(#4678),#2271);
#4678 = PRESENTATION_STYLE_ASSIGNMENT((#4679));
#4679 = SURFACE_STYLE_USAGE(.BOTH.,#4680);
#4680 = SURFACE_SIDE_STYLE('',(#4681));
#4681 = SURFACE_STYLE_FILL_AREA(#4682);
#4682 = FILL_AREA_STYLE('',(#4683));
#4683 = FILL_AREA_STYLE_COLOUR('',#4215);
#4684 = STYLED_ITEM('color',(#4685),#2288);
#4685 = PRESENTATION_STYLE_ASSIGNMENT((#4686));
#4686 = SURFACE_STYLE_USAGE(.BOTH.,#4687);
#4687 = SURFACE_SIDE_STYLE('',(#4688));
#4688 = SURFACE_STYLE_FILL_AREA(#4689);
#4689 = FILL_AREA_STYLE('',(#4690));
#4690 = FILL_AREA_STYLE_COLOUR('',#4669);
#4691 = STYLED_ITEM('color',(#4692),#2337);
#4692 = PRESENTATION_STYLE_ASSIGNMENT((#4693));
#4693 = SURFACE_STYLE_USAGE(.BOTH.,#4694);
#4694 = SURFACE_SIDE_STYLE('',(#4695));
#4695 = SURFACE_STYLE_FILL_AREA(#4696);
#4696 = FILL_AREA_STYLE('',(#4697));
#4697 = FILL_AREA_STYLE_COLOUR('',#4669);
#4698 = STYLED_ITEM('color',(#4699),#2354);
#4699 = PRESENTATION_STYLE_ASSIGNMENT((#4700));
#4700 = SURFACE_STYLE_USAGE(.BOTH.,#4701);
#4701 = SURFACE_SIDE_STYLE('',(#4702));
#4702 = SURFACE_STYLE_FILL_AREA(#4703);
#4703 = FILL_AREA_STYLE('',(#4704));
#4704 = FILL_AREA_STYLE_COLOUR('',#4215);
#4705 = STYLED_ITEM('color',(#4706),#2423);
#4706 = PRESENTATION_STYLE_ASSIGNMENT((#4707));
#4707 = SURFACE_STYLE_USAGE(.BOTH.,#4708);
#4708 = SURFACE_SIDE_STYLE('',(#4709));
#4709 = SURFACE_STYLE_FILL_AREA(#4710);
#4710 = FILL_AREA_STYLE('',(#4711));
#4711 = FILL_AREA_STYLE_COLOUR('',#4712);
#4712 = COLOUR_RGB('',8.200000279077E-02,8.600000121357E-02,
  9.399999706163E-02);
#4713 = STYLED_ITEM('color',(#4714),#2454);
#4714 = PRESENTATION_STYLE_ASSIGNMENT((#4715));
#4715 = SURFACE_STYLE_USAGE(.BOTH.,#4716);
#4716 = SURFACE_SIDE_STYLE('',(#4717));
#4717 = SURFACE_STYLE_FILL_AREA(#4718);
#4718 = FILL_AREA_STYLE('',(#4719));
#4719 = FILL_AREA_STYLE_COLOUR('',#4712);
#4720 = STYLED_ITEM('color',(#4721),#2478);
#4721 = PRESENTATION_STYLE_ASSIGNMENT((#4722));
#4722 = SURFACE_STYLE_USAGE(.BOTH.,#4723);
#4723 = SURFACE_SIDE_STYLE('',(#4724));
#4724 = SURFACE_STYLE_FILL_AREA(#4725);
#4725 = FILL_AREA_STYLE('',(#4726));
#4726 = FILL_AREA_STYLE_COLOUR('',#4215);
#4727 = STYLED_ITEM('color',(#4728),#2547);
#4728 = PRESENTATION_STYLE_ASSIGNMENT((#4729));
#4729 = SURFACE_STYLE_USAGE(.BOTH.,#4730);
#4730 = SURFACE_SIDE_STYLE('',(#4731));
#4731 = SURFACE_STYLE_FILL_AREA(#4732);
#4732 = FILL_AREA_STYLE('',(#4733));
#4733 = FILL_AREA_STYLE_COLOUR('',#4712);
#4734 = STYLED_ITEM('color',(#4735),#2571);
#4735 = PRESENTATION_STYLE_ASSIGNMENT((#4736));
#4736 = SURFACE_STYLE_USAGE(.BOTH.,#4737);
#4737 = SURFACE_SIDE_STYLE('',(#4738));
#4738 = SURFACE_STYLE_FILL_AREA(#4739);
#4739 = FILL_AREA_STYLE('',(#4740));
#4740 = FILL_AREA_STYLE_COLOUR('',#4215);
#4741 = STYLED_ITEM('color',(#4742),#2588);
#4742 = PRESENTATION_STYLE_ASSIGNMENT((#4743));
#4743 = SURFACE_STYLE_USAGE(.BOTH.,#4744);
#4744 = SURFACE_SIDE_STYLE('',(#4745));
#4745 = SURFACE_STYLE_FILL_AREA(#4746);
#4746 = FILL_AREA_STYLE('',(#4747));
#4747 = FILL_AREA_STYLE_COLOUR('',#4215);
#4748 = STYLED_ITEM('color',(#4749),#2605);
#4749 = PRESENTATION_STYLE_ASSIGNMENT((#4750));
#4750 = SURFACE_STYLE_USAGE(.BOTH.,#4751);
#4751 = SURFACE_SIDE_STYLE('',(#4752));
#4752 = SURFACE_STYLE_FILL_AREA(#4753);
#4753 = FILL_AREA_STYLE('',(#4754));
#4754 = FILL_AREA_STYLE_COLOUR('',#4215);
#4755 = STYLED_ITEM('color',(#4756),#2622);
#4756 = PRESENTATION_STYLE_ASSIGNMENT((#4757));
#4757 = SURFACE_STYLE_USAGE(.BOTH.,#4758);
#4758 = SURFACE_SIDE_STYLE('',(#4759));
#4759 = SURFACE_STYLE_FILL_AREA(#4760);
#4760 = FILL_AREA_STYLE('',(#4761));
#4761 = FILL_AREA_STYLE_COLOUR('',#4215);
#4762 = STYLED_ITEM('color',(#4763),#2639);
#4763 = PRESENTATION_STYLE_ASSIGNMENT((#4764));
#4764 = SURFACE_STYLE_USAGE(.BOTH.,#4765);
#4765 = SURFACE_SIDE_STYLE('',(#4766));
#4766 = SURFACE_STYLE_FILL_AREA(#4767);
#4767 = FILL_AREA_STYLE('',(#4768));
#4768 = FILL_AREA_STYLE_COLOUR('',#4215);
#4769 = STYLED_ITEM('color',(#4770),#2656);
#4770 = PRESENTATION_STYLE_ASSIGNMENT((#4771));
#4771 = SURFACE_STYLE_USAGE(.BOTH.,#4772);
#4772 = SURFACE_SIDE_STYLE('',(#4773));
#4773 = SURFACE_STYLE_FILL_AREA(#4774);
#4774 = FILL_AREA_STYLE('',(#4775));
#4775 = FILL_AREA_STYLE_COLOUR('',#4215);
#4776 = STYLED_ITEM('color',(#4777),#2673);
#4777 = PRESENTATION_STYLE_ASSIGNMENT((#4778));
#4778 = SURFACE_STYLE_USAGE(.BOTH.,#4779);
#4779 = SURFACE_SIDE_STYLE('',(#4780));
#4780 = SURFACE_STYLE_FILL_AREA(#4781);
#4781 = FILL_AREA_STYLE('',(#4782));
#4782 = FILL_AREA_STYLE_COLOUR('',#4215);
#4783 = STYLED_ITEM('color',(#4784),#2690);
#4784 = PRESENTATION_STYLE_ASSIGNMENT((#4785));
#4785 = SURFACE_STYLE_USAGE(.BOTH.,#4786);
#4786 = SURFACE_SIDE_STYLE('',(#4787));
#4787 = SURFACE_STYLE_FILL_AREA(#4788);
#4788 = FILL_AREA_STYLE('',(#4789));
#4789 = FILL_AREA_STYLE_COLOUR('',#4712);
#4790 = STYLED_ITEM('color',(#4791),#2707);
#4791 = PRESENTATION_STYLE_ASSIGNMENT((#4792));
#4792 = SURFACE_STYLE_USAGE(.BOTH.,#4793);
#4793 = SURFACE_SIDE_STYLE('',(#4794));
#4794 = SURFACE_STYLE_FILL_AREA(#4795);
#4795 = FILL_AREA_STYLE('',(#4796));
#4796 = FILL_AREA_STYLE_COLOUR('',#4712);
ENDSEC;
END-ISO-10303-21;
